time,gFx,gFy,gFz,gFTotal
0.030015945434570312,0.0292205810546875,-0.0231475830078125,-1.007110595703125,1.008
0.03111410140991211,0.0292205810546875,-0.0231475830078125,-1.007110595703125,1.008
0.03203725814819336,0.0292205810546875,-0.0231475830078125,-1.007110595703125,1.008
0.03293323516845703,0.0292205810546875,-0.0231475830078125,-1.007110595703125,1.008
0.03864908218383789,0.0277099609375,-0.0222015380859375,-0.9937286376953125,0.994
0.049108028411865234,0.0271148681640625,-0.0216522216796875,-0.998504638671875,0.999
0.058997154235839844,0.0290069580078125,-0.0225677490234375,-0.999481201171875,1.0
0.06964302062988281,0.02899169921875,-0.0230255126953125,-0.99505615234375,0.996
0.07883405685424805,0.029083251953125,-0.021942138671875,-0.9987640380859375,0.999
0.08991408348083496,0.0292816162109375,-0.0217437744140625,-1.002288818359375,1.003
0.09913516044616699,0.0283050537109375,-0.0213775634765625,-0.9958038330078125,0.996
0.1096792221069336,0.02752685546875,-0.0224456787109375,-0.9980926513671875,0.999
0.12092304229736328,0.027496337890625,-0.021148681640625,-0.998138427734375,0.999
0.1298370361328125,0.0272216796875,-0.0223388671875,-0.9983673095703125,0.999
0.14056015014648438,0.0272674560546875,-0.02301025390625,-0.9939117431640625,0.995
0.1498270034790039,0.02703857421875,-0.0219268798828125,-0.99334716796875,0.994
0.16006994247436523,0.0274200439453125,-0.021392822265625,-0.9888916015625,0.99
0.17071819305419922,0.0299072265625,-0.024627685546875,-1.0229644775390625,1.024
0.1797771453857422,0.0291595458984375,-0.023193359375,-1.0187530517578125,1.019
0.19045305252075195,0.0272979736328125,-0.0228118896484375,-0.983123779296875,0.984
0.19940614700317383,0.0284576416015625,-0.0225067138671875,-0.99334716796875,0.994
0.20958423614501953,0.0300445556640625,-0.022796630859375,-1.01556396484375,1.016
0.22020411491394043,0.0281524658203125,-0.0206146240234375,-0.9887542724609375,0.989
0.22946906089782715,0.02703857421875,-0.020355224609375,-0.98114013671875,0.982
0.23961305618286133,0.0285186767578125,-0.0229949951171875,-1.011810302734375,1.012
0.2494821548461914,0.0282135009765625,-0.0224761962890625,-1.000457763671875,1.001
0.25898218154907227,0.027313232421875,-0.02203369140625,-0.9908599853515625,0.991
0.2694571018218994,0.027801513671875,-0.0229949951171875,-1.0034332275390625,1.004
0.2793869972229004,0.0296783447265625,-0.023651123046875,-1.0043182373046875,1.005
0.28914308547973633,0.0284881591796875,-0.0225982666015625,-0.9916534423828125,0.992
0.2990379333496094,0.0284271240234375,-0.022491455078125,-1.0009918212890625,1.002
0.3088221549987793,0.028594970703125,-0.022796630859375,-1.00286865234375,1.004
0.31919312477111816,0.027801513671875,-0.02215576171875,-0.9937744140625,0.994
0.3281700611114502,0.027557373046875,-0.022735595703125,-0.9957122802734375,0.996
0.33892297744750977,0.0277099609375,-0.0228271484375,-1.0044097900390625,1.005
0.3486161231994629,0.0275421142578125,-0.022705078125,-1.0001220703125,1.001
0.3585500717163086,0.0276641845703125,-0.0218963623046875,-0.9935760498046875,0.994
0.36882495880126953,0.028533935546875,-0.0225830078125,-1.0031280517578125,1.004
0.3775191307067871,0.0287322998046875,-0.022064208984375,-1.0013427734375,1.002
0.38806819915771484,0.02789306640625,-0.022491455078125,-0.9981842041015625,0.999
0.3980121612548828,0.0281982421875,-0.0223236083984375,-0.998443603515625,0.999
0.40841007232666016,0.0289306640625,-0.02197265625,-1.0023651123046875,1.003
0.4180612564086914,0.0283660888671875,-0.0216217041015625,-0.99688720703125,0.998
0.4278740882873535,0.02813720703125,-0.022064208984375,-0.996246337890625,0.997
0.4378800392150879,0.02880859375,-0.0225677490234375,-0.9996337890625,1.0
0.447735071182251,0.027679443359375,-0.0217437744140625,-0.99658203125,0.997
0.4575490951538086,0.0283050537109375,-0.0228118896484375,-0.995452880859375,0.996
0.4676952362060547,0.027587890625,-0.0228271484375,-0.9996337890625,1.0
0.4776320457458496,0.028350830078125,-0.0227203369140625,-1.0010833740234375,1.002
0.4875640869140625,0.02825927734375,-0.0221099853515625,-0.9984130859375,0.999
0.49756813049316406,0.0287322998046875,-0.0217437744140625,-1.0009613037109375,1.002
0.5075149536132812,0.02874755859375,-0.0221405029296875,-1.000762939453125,1.001
0.5173792839050293,0.0274810791015625,-0.0233154296875,-0.997833251953125,0.998
0.5270719528198242,0.0281524658203125,-0.0228424072265625,-0.9986572265625,0.999
0.5372750759124756,0.0283966064453125,-0.0222320556640625,-0.9983367919921875,0.999
0.5471301078796387,0.0282135009765625,-0.0222625732421875,-0.9978790283203125,0.999
0.556333065032959,0.0279998779296875,-0.022552490234375,-0.999481201171875,1.0
0.5658731460571289,0.028228759765625,-0.0235137939453125,-0.9996490478515625,1.0
0.5753281116485596,0.0289306640625,-0.022735595703125,-0.998199462890625,0.999
0.5851881504058838,0.028564453125,-0.0225067138671875,-0.998809814453125,0.999
0.5968811511993408,0.02825927734375,-0.0231781005859375,-0.994903564453125,0.996
0.6085591316223145,0.0302734375,-0.022857666015625,-1.0084228515625,1.009
0.6134271621704102,0.0281219482421875,-0.0218963623046875,-1.00250244140625,1.003
0.6338939666748047,0.028411865234375,-0.0217132568359375,-0.9944000244140625,0.995
0.6585149765014648,0.027557373046875,-0.0218963623046875,-1.00079345703125,1.001
0.6591482162475586,0.027557373046875,-0.0218963623046875,-1.00079345703125,1.001
0.6594891548156738,0.027557373046875,-0.0218963623046875,-1.00079345703125,1.001
0.6634750366210938,0.0268096923828125,-0.0213775634765625,-0.9920654296875,0.993
0.6761202812194824,0.027313232421875,-0.0232391357421875,-1.0065765380859375,1.007
0.6855340003967285,0.02789306640625,-0.022735595703125,-1.00054931640625,1.001
0.6958141326904297,0.028778076171875,-0.0223236083984375,-0.994049072265625,0.995
0.7035222053527832,0.0292816162109375,-0.0229339599609375,-1.000396728515625,1.001
0.7132391929626465,0.029449462890625,-0.02276611328125,-1.001678466796875,1.002
0.7253170013427734,0.028900146484375,-0.0224151611328125,-0.9967193603515625,0.997
0.7330279350280762,0.0288848876953125,-0.0228118896484375,-0.9998779296875,1.001
0.7436771392822266,0.028411865234375,-0.0226287841796875,-1.00238037109375,1.003
0.7557339668273926,0.0271759033203125,-0.0228118896484375,-0.995574951171875,0.996
0.7652401924133301,0.02667236328125,-0.02264404296875,-0.9989776611328125,1.0
0.7747311592102051,0.02801513671875,-0.0225982666015625,-1.0006256103515625,1.001
0.7848360538482666,0.0283203125,-0.0224456787109375,-0.9969635009765625,0.998
0.7977681159973145,0.0280303955078125,-0.0223541259765625,-0.996673583984375,0.997
0.8028092384338379,0.0294647216796875,-0.0229644775390625,-1.00189208984375,1.003
0.8126540184020996,0.0290679931640625,-0.02252197265625,-0.9984588623046875,0.999
0.8246800899505615,0.0288543701171875,-0.0229644775390625,-0.9970245361328125,0.998
0.834550142288208,0.028594970703125,-0.022003173828125,-1.0016632080078125,1.002
0.8437762260437012,0.0284423828125,-0.0221405029296875,-1.0006561279296875,1.001
0.8524279594421387,0.0283966064453125,-0.022705078125,-0.9976654052734375,0.998
0.8643512725830078,0.0283660888671875,-0.0219879150390625,-0.9981842041015625,0.999
0.8723111152648926,0.0279693603515625,-0.0223541259765625,-1.0008087158203125,1.001
0.8842229843139648,0.027862548828125,-0.0218658447265625,-0.9982757568359375,0.999
0.8942451477050781,0.0285491943359375,-0.022308349609375,-0.9980926513671875,0.999
0.9023451805114746,0.028656005859375,-0.0229339599609375,-1.0007171630859375,1.001
0.913856029510498,0.0286865234375,-0.0228729248046875,-0.9990386962890625,1.0
0.9236960411071777,0.0285186767578125,-0.0226287841796875,-0.9977264404296875,0.998
0.9333372116088867,0.0283966064453125,-0.022613525390625,-0.998260498046875,0.999
0.941622257232666,0.028106689453125,-0.0218353271484375,-0.998291015625,0.999
0.9515771865844727,0.02789306640625,-0.0223388671875,-0.9977569580078125,0.998
0.9635381698608398,0.027862548828125,-0.0219268798828125,-0.9992828369140625,1.0
0.973567008972168,0.0285797119140625,-0.022613525390625,-0.9991912841796875,1.0
0.9834771156311035,0.028045654296875,-0.02294921875,-0.996795654296875,0.997
0.9950830936431885,0.0283660888671875,-0.021728515625,-0.9968719482421875,0.998
1.001328945159912,0.0296630859375,-0.023193359375,-0.9998321533203125,1.001
1.0115101337432861,0.0297393798828125,-0.0228729248046875,-0.99908447265625,1.0
1.023745059967041,0.028411865234375,-0.022735595703125,-0.999420166015625,1.0
1.0331010818481445,0.0286102294921875,-0.0224456787109375,-1.00006103515625,1.001
1.0429871082305908,0.0284881591796875,-0.0227203369140625,-0.99981689453125,1.0
1.0506582260131836,0.0290374755859375,-0.0227203369140625,-0.9988250732421875,1.0
1.0610570907592773,0.0289764404296875,-0.0224456787109375,-0.999664306640625,1.0
1.0735440254211426,0.0289459228515625,-0.0226593017578125,-0.99945068359375,1.0
1.0827651023864746,0.02880859375,-0.022369384765625,-0.9995269775390625,1.0
1.0937950611114502,0.0277557373046875,-0.0227203369140625,-1.0016632080078125,1.002
1.1003551483154297,0.028167724609375,-0.02301025390625,-1.0020599365234375,1.003
1.110949993133545,0.02862548828125,-0.022552490234375,-1.0002593994140625,1.001
1.1221179962158203,0.028717041015625,-0.0230255126953125,-1.0005340576171875,1.001
1.132704257965088,0.02850341796875,-0.0224761962890625,-0.9997711181640625,1.0
1.1454970836639404,0.0285797119140625,-0.02264404296875,-0.999237060546875,1.0
1.1500921249389648,0.028717041015625,-0.0231170654296875,-1.0002288818359375,1.001
1.1599559783935547,0.0279388427734375,-0.0230712890625,-0.999359130859375,1.0
1.172511100769043,0.028076171875,-0.0224761962890625,-1.000335693359375,1.001
1.1822509765625,0.02874755859375,-0.0230255126953125,-0.9972076416015625,0.998
1.1932859420776367,0.0284881591796875,-0.0223846435546875,-0.996856689453125,0.998
1.1998131275177002,0.028045654296875,-0.0218658447265625,-0.997650146484375,0.998
1.2097091674804688,0.0293121337890625,-0.022430419921875,-0.9987030029296875,0.999
1.2225911617279053,0.028076171875,-0.022552490234375,-0.9957122802734375,0.996
1.231520175933838,0.02734375,-0.0223846435546875,-0.99554443359375,0.996
1.2419862747192383,0.027618408203125,-0.0214996337890625,-0.9971923828125,0.998
1.2495689392089844,0.027191162109375,-0.0210418701171875,-0.9983673095703125,0.999
1.2603650093078613,0.0274505615234375,-0.02130126953125,-0.9981842041015625,0.999
1.272205114364624,0.028656005859375,-0.021270751953125,-0.9980316162109375,0.999
1.282067060470581,0.02825927734375,-0.0226593017578125,-0.9989471435546875,1.0
1.293689250946045,0.0279998779296875,-0.022308349609375,-0.99798583984375,0.999
1.299255132675171,0.0279998779296875,-0.02252197265625,-0.9983062744140625,0.999
1.3106400966644287,0.0287017822265625,-0.023468017578125,-0.9980010986328125,0.999
1.322761058807373,0.028289794921875,-0.022064208984375,-0.9965667724609375,0.997
1.3291492462158203,0.0279388427734375,-0.021514892578125,-0.999725341796875,1.0
1.3386292457580566,0.028076171875,-0.021636962890625,-0.998687744140625,0.999
1.350944995880127,0.0283050537109375,-0.0218658447265625,-0.9996795654296875,1.0
1.3606431484222412,0.0280914306640625,-0.0218048095703125,-0.9987335205078125,0.999
1.3715291023254395,0.027740478515625,-0.02294921875,-0.9997100830078125,1.0
1.380345106124878,0.0279998779296875,-0.0220489501953125,-0.99920654296875,1.0
1.3908851146697998,0.0275421142578125,-0.022430419921875,-0.998291015625,0.999
1.3986611366271973,0.02783203125,-0.0226593017578125,-0.9989013671875,1.0
1.4113430976867676,0.02838134765625,-0.0217132568359375,-0.997467041015625,0.998
1.4205470085144043,0.028472900390625,-0.0219879150390625,-0.9985198974609375,0.999
1.4305591583251953,0.028839111328125,-0.0225982666015625,-0.9992218017578125,1.0
1.440615177154541,0.02825927734375,-0.0224609375,-0.9993133544921875,1.0
1.447883129119873,0.0274658203125,-0.0224761962890625,-0.998321533203125,0.999
1.4580180644989014,0.0270233154296875,-0.0226287841796875,-0.9988250732421875,0.999
1.4712550640106201,0.027801513671875,-0.0229644775390625,-1.0004730224609375,1.001
1.480478048324585,0.028839111328125,-0.0224761962890625,-0.99951171875,1.0
1.4922001361846924,0.029052734375,-0.0223388671875,-0.9972381591796875,0.998
1.497549057006836,0.028289794921875,-0.02178955078125,-0.9970703125,0.998
1.5077400207519531,0.028106689453125,-0.021453857421875,-0.9994659423828125,1.0
1.520071029663086,0.028076171875,-0.0220947265625,-0.9990386962890625,1.0
1.529911994934082,0.0278778076171875,-0.02099609375,-0.9978485107421875,0.998
1.5399301052093506,0.0278472900390625,-0.0221405029296875,-0.999298095703125,1.0
1.547537088394165,0.0281829833984375,-0.023040771484375,-1.0003814697265625,1.001
1.558061122894287,0.0281829833984375,-0.0225067138671875,-0.9981231689453125,0.999
1.56758713722229,0.0282440185546875,-0.021942138671875,-0.9990234375,1.0
1.5790901184082031,0.0285491943359375,-0.0223236083984375,-0.9994354248046875,1.0
1.5899500846862793,0.02801513671875,-0.022491455078125,-0.9970245361328125,0.998
1.5968961715698242,0.0282135009765625,-0.022125244140625,-0.9979248046875,0.999
1.6093339920043945,0.0281982421875,-0.022674560546875,-0.9995269775390625,1.0
1.61993408203125,0.0286865234375,-0.02166748046875,-0.9991912841796875,1.0
1.6294760704040527,0.027557373046875,-0.0227203369140625,-0.9971771240234375,0.998
1.640820026397705,0.02777099609375,-0.0224151611328125,-0.998626708984375,0.999
1.6465892791748047,0.0277557373046875,-0.0225067138671875,-0.9990692138671875,1.0
1.6574981212615967,0.0282135009765625,-0.0220947265625,-0.99786376953125,0.999
1.6695961952209473,0.0275421142578125,-0.022216796875,-0.998870849609375,0.999
1.6780080795288086,0.0279083251953125,-0.0226898193359375,-0.9985809326171875,0.999
1.6879000663757324,0.0279083251953125,-0.022216796875,-0.9986114501953125,0.999
1.6962089538574219,0.02789306640625,-0.0223236083984375,-0.9996337890625,1.0
1.7064471244812012,0.02813720703125,-0.0221405029296875,-0.998809814453125,0.999
1.717480182647705,0.0280303955078125,-0.0221099853515625,-0.99871826171875,0.999
1.7282941341400146,0.027496337890625,-0.022186279296875,-0.99847412109375,0.999
1.7402591705322266,0.02685546875,-0.0219573974609375,-0.9988861083984375,0.999
1.745697021484375,0.0280303955078125,-0.021942138671875,-0.998138427734375,0.999
1.7573609352111816,0.0283203125,-0.0222930908203125,-0.9980621337890625,0.999
1.7684502601623535,0.0288238525390625,-0.0218353271484375,-0.999298095703125,1.0
1.7771861553192139,0.0285186767578125,-0.0216827392578125,-0.998321533203125,0.999
1.7857651710510254,0.027679443359375,-0.0222320556640625,-0.999053955078125,1.0
1.79585599899292,0.02777099609375,-0.0230865478515625,-0.999298095703125,1.0
1.808117151260376,0.0281524658203125,-0.0217132568359375,-0.9981536865234375,0.999
1.815608024597168,0.0282440185546875,-0.0220489501953125,-0.999114990234375,1.0
1.8264820575714111,0.0275421142578125,-0.0221710205078125,-0.9991455078125,1.0
1.838089942932129,0.028076171875,-0.02301025390625,-0.999237060546875,1.0
1.8452410697937012,0.0290679931640625,-0.02252197265625,-0.9978179931640625,0.998
1.8584589958190918,0.028045654296875,-0.02166748046875,-0.999420166015625,1.0
1.8667891025543213,0.0279693603515625,-0.0220489501953125,-0.9981842041015625,0.999
1.8768162727355957,0.028106689453125,-0.022705078125,-0.9981536865234375,0.999
1.8877840042114258,0.02813720703125,-0.023345947265625,-0.9989166259765625,1.0
1.8948330879211426,0.02825927734375,-0.022064208984375,-0.9990081787109375,1.0
1.9051060676574707,0.02838134765625,-0.02178955078125,-0.9978179931640625,0.998
1.9168381690979004,0.0282745361328125,-0.02239990234375,-0.998138427734375,0.999
1.926826000213623,0.0277862548828125,-0.0220489501953125,-0.9990692138671875,1.0
1.9385242462158203,0.028228759765625,-0.0222625732421875,-0.9980621337890625,0.999
1.944375991821289,0.028411865234375,-0.022491455078125,-0.9990081787109375,1.0
1.9580931663513184,0.02789306640625,-0.0221405029296875,-0.999237060546875,1.0
1.9663231372833252,0.028045654296875,-0.02264404296875,-0.99896240234375,1.0
1.976491928100586,0.0280609130859375,-0.0214385986328125,-0.9981842041015625,0.999
1.9889030456542969,0.0277557373046875,-0.02178955078125,-0.998626708984375,0.999
1.9941840171813965,0.0274658203125,-0.0232391357421875,-0.999359130859375,1.0
2.009688138961792,0.0275421142578125,-0.0219268798828125,-0.9984130859375,0.999
2.015748977661133,0.0283355712890625,-0.0225372314453125,-0.99822998046875,0.999
2.024977207183838,0.0283966064453125,-0.0229949951171875,-0.9983367919921875,0.999
2.0357091426849365,0.028656005859375,-0.02294921875,-0.999176025390625,1.0
2.0436630249023438,0.02838134765625,-0.022674560546875,-0.99853515625,0.999
2.054202079772949,0.028289794921875,-0.0221099853515625,-0.99798583984375,0.999
2.06581711769104,0.0280303955078125,-0.0221405029296875,-0.9989166259765625,1.0
2.075562000274658,0.0282440185546875,-0.0213775634765625,-0.9987030029296875,0.999
2.0880961418151855,0.02801513671875,-0.022216796875,-0.9977874755859375,0.998
2.093372106552124,0.028045654296875,-0.02252197265625,-0.9984588623046875,0.999
2.1091511249542236,0.0279388427734375,-0.0221405029296875,-0.998779296875,0.999
2.114246129989624,0.02789306640625,-0.0222625732421875,-0.9988250732421875,0.999
2.1247730255126953,0.0279388427734375,-0.0217132568359375,-0.9986114501953125,0.999
2.139435052871704,0.0284271240234375,-0.0216827392578125,-0.9981689453125,0.999
2.1432080268859863,0.0279541015625,-0.02197265625,-0.9991302490234375,1.0
2.1549839973449707,0.02838134765625,-0.0226287841796875,-0.9989776611328125,1.0
2.165234088897705,0.027984619140625,-0.021820068359375,-0.9978485107421875,0.998
2.1745171546936035,0.0279083251953125,-0.0223236083984375,-0.9979705810546875,0.999
2.183661937713623,0.028076171875,-0.0223236083984375,-0.9983367919921875,0.999
2.193100929260254,0.0274200439453125,-0.0215911865234375,-0.9985198974609375,0.999
2.205080986022949,0.02752685546875,-0.0222320556640625,-0.998443603515625,0.999
2.214416027069092,0.028411865234375,-0.022552490234375,-0.99786376953125,0.999
2.224602222442627,0.0288238525390625,-0.0222015380859375,-0.9983978271484375,0.999
2.2382869720458984,0.0280609130859375,-0.0221405029296875,-0.9994964599609375,1.0
2.242208957672119,0.0277862548828125,-0.0223236083984375,-0.999114990234375,1.0
2.25264310836792,0.0287322998046875,-0.0220794677734375,-0.998626708984375,0.999
2.264716148376465,0.0274810791015625,-0.022613525390625,-0.997833251953125,0.998
2.273820161819458,0.0274505615234375,-0.022796630859375,-0.9972991943359375,0.998
2.2839221954345703,0.0279083251953125,-0.02227783203125,-0.9982147216796875,0.999
2.292412281036377,0.0280303955078125,-0.021820068359375,-0.999114990234375,1.0
2.3023719787597656,0.0278778076171875,-0.021820068359375,-0.999542236328125,1.0
2.3146820068359375,0.027374267578125,-0.0230255126953125,-0.998291015625,0.999
2.324005126953125,0.0279998779296875,-0.0220947265625,-0.9986572265625,0.999
2.334573268890381,0.028106689453125,-0.0218963623046875,-0.9987335205078125,0.999
2.3416032791137695,0.027923583984375,-0.0221710205078125,-0.9993896484375,1.0
2.3519749641418457,0.0281829833984375,-0.0229949951171875,-0.99896240234375,1.0
2.3638691902160645,0.02825927734375,-0.022735595703125,-0.9975433349609375,0.998
2.373566150665283,0.028533935546875,-0.0230560302734375,-0.99798583984375,0.999
2.3865771293640137,0.0280609130859375,-0.0228118896484375,-0.998779296875,0.999
2.3914170265197754,0.027618408203125,-0.0216522216796875,-0.9980316162109375,0.999
2.4015731811523438,0.0278778076171875,-0.022705078125,-0.997589111328125,0.998
2.413203239440918,0.0279541015625,-0.022430419921875,-0.998016357421875,0.999
2.422883987426758,0.027740478515625,-0.0222930908203125,-0.99920654296875,1.0
2.4343299865722656,0.02886962890625,-0.0220489501953125,-0.9976348876953125,0.998
2.4407172203063965,0.0283660888671875,-0.0225067138671875,-0.9978179931640625,0.998
2.451425075531006,0.0288848876953125,-0.021759033203125,-0.998626708984375,0.999
2.462792158126831,0.02899169921875,-0.021942138671875,-0.998443603515625,0.999
2.4728760719299316,0.028167724609375,-0.0229339599609375,-0.998077392578125,0.999
2.48506498336792,0.02789306640625,-0.0222320556640625,-0.9991302490234375,1.0
2.490493059158325,0.0275421142578125,-0.0219879150390625,-0.9986724853515625,0.999
2.5006730556488037,0.0281524658203125,-0.0225830078125,-0.9982452392578125,0.999
2.512789249420166,0.0285186767578125,-0.02252197265625,-0.9985809326171875,0.999
2.5207409858703613,0.0281524658203125,-0.0220794677734375,-0.9973907470703125,0.998
2.5302860736846924,0.028228759765625,-0.021514892578125,-0.997833251953125,0.998
2.5407299995422363,0.0276947021484375,-0.0225677490234375,-0.99853515625,0.999
2.5528371334075928,0.0274505615234375,-0.0225067138671875,-0.999267578125,1.0
2.561981201171875,0.0274658203125,-0.022735595703125,-0.998077392578125,0.999
2.5726709365844727,0.028533935546875,-0.02301025390625,-0.9986572265625,0.999
2.5848989486694336,0.028564453125,-0.022125244140625,-0.9978179931640625,0.998
2.5897960662841797,0.0285186767578125,-0.0218658447265625,-0.9984283447265625,0.999
2.6002559661865234,0.028106689453125,-0.02142333984375,-0.9981536865234375,0.999
2.612105131149292,0.027679443359375,-0.0220794677734375,-0.998046875,0.999
2.6218771934509277,0.0279693603515625,-0.022186279296875,-0.9990386962890625,1.0
2.6359362602233887,0.0277557373046875,-0.0215911865234375,-0.999176025390625,1.0
2.6396610736846924,0.0275726318359375,-0.022613525390625,-0.998687744140625,0.999
2.6499171257019043,0.0284423828125,-0.022369384765625,-0.997772216796875,0.998
2.6617331504821777,0.027923583984375,-0.0220794677734375,-0.9972076416015625,0.998
2.6714372634887695,0.02789306640625,-0.0223846435546875,-0.99774169921875,0.998
2.6813340187072754,0.0282135009765625,-0.0225067138671875,-0.998809814453125,0.999
2.689573049545288,0.027862548828125,-0.021942138671875,-0.9986419677734375,0.999
2.7017130851745605,0.0279083251953125,-0.02239990234375,-0.9977264404296875,0.998
2.7109410762786865,0.0278167724609375,-0.022003173828125,-0.9994964599609375,1.0
2.721682071685791,0.027862548828125,-0.0229949951171875,-0.9986419677734375,0.999
2.732285976409912,0.027679443359375,-0.02215576171875,-0.998077392578125,0.999
2.7391510009765625,0.027923583984375,-0.021270751953125,-0.99853515625,0.999
2.7491559982299805,0.0278167724609375,-0.0221710205078125,-0.9990997314453125,1.0
2.7606000900268555,0.0277557373046875,-0.0223846435546875,-0.9987640380859375,0.999
2.771430015563965,0.0282745361328125,-0.0225067138671875,-0.9982757568359375,0.999
2.7820520401000977,0.0283355712890625,-0.0208892822265625,-0.99822998046875,0.999
2.7886390686035156,0.0277862548828125,-0.0218048095703125,-0.997589111328125,0.998
2.79878306388855,0.0285797119140625,-0.022003173828125,-0.998321533203125,0.999
2.810791015625,0.0276947021484375,-0.02191162109375,-0.9987945556640625,0.999
2.821045160293579,0.028564453125,-0.0220184326171875,-0.9987030029296875,0.999
2.831855058670044,0.0280914306640625,-0.0227813720703125,-0.9974822998046875,0.998
2.837951183319092,0.02813720703125,-0.0227203369140625,-0.9989013671875,1.0
2.8481650352478027,0.0279693603515625,-0.023162841796875,-0.9990997314453125,1.0
2.8606841564178467,0.027618408203125,-0.023040771484375,-0.9980010986328125,0.999
2.870300054550171,0.02764892578125,-0.0220184326171875,-0.9982147216796875,0.999
2.8817970752716064,0.02825927734375,-0.02239990234375,-0.999267578125,1.0
2.8877410888671875,0.027862548828125,-0.0220947265625,-0.9990081787109375,1.0
2.8978209495544434,0.029052734375,-0.0220947265625,-0.998046875,0.999
2.910640239715576,0.028411865234375,-0.022552490234375,-0.997711181640625,0.998
2.9215750694274902,0.0286407470703125,-0.0217132568359375,-0.9991607666015625,1.0
2.933462142944336,0.0280303955078125,-0.0216217041015625,-0.9969635009765625,0.998
2.9372971057891846,0.028411865234375,-0.0220184326171875,-0.9990997314453125,1.0
2.947510242462158,0.0279693603515625,-0.022308349609375,-0.9981231689453125,0.999
2.959470272064209,0.0281524658203125,-0.0224609375,-0.9981536865234375,0.999
2.9700722694396973,0.0275115966796875,-0.022369384765625,-0.9969635009765625,0.998
2.981227159500122,0.0282440185546875,-0.0220184326171875,-0.9984893798828125,0.999
2.9872522354125977,0.0288848876953125,-0.022705078125,-1.0007476806640625,1.001
2.996955156326294,0.027435302734375,-0.022796630859375,-0.9978485107421875,0.998
3.009526252746582,0.027587890625,-0.0233154296875,-0.9958648681640625,0.997
3.0194931030273438,0.0284881591796875,-0.0227203369140625,-1.0005035400390625,1.001
3.0300631523132324,0.0279541015625,-0.022705078125,-0.99945068359375,1.0
3.0367259979248047,0.02789306640625,-0.0221405029296875,-0.9953155517578125,0.996
3.0467309951782227,0.0277862548828125,-0.02178955078125,-0.9991455078125,1.0
3.059511184692383,0.0287933349609375,-0.0225677490234375,-0.99951171875,1.0
3.0665030479431152,0.0284423828125,-0.02264404296875,-0.9971771240234375,0.998
3.0768680572509766,0.0286102294921875,-0.021728515625,-0.9970855712890625,0.998
3.088886260986328,0.029327392578125,-0.022369384765625,-1.0000152587890625,1.001
3.0984981060028076,0.0284881591796875,-0.0228424072265625,-0.9965057373046875,0.997
3.106205940246582,0.0281219482421875,-0.022796630859375,-0.9974822998046875,0.998
3.1194491386413574,0.0281829833984375,-0.0218658447265625,-0.999542236328125,1.0
3.1298561096191406,0.02783203125,-0.0217742919921875,-0.9989166259765625,1.0
3.136226177215576,0.027740478515625,-0.022491455078125,-0.9968109130859375,0.997
3.1461710929870605,0.0278472900390625,-0.0218048095703125,-0.9981231689453125,0.999
3.156438112258911,0.028076171875,-0.0223236083984375,-0.998870849609375,1.0
3.1677489280700684,0.0276641845703125,-0.0221710205078125,-0.998687744140625,0.999
3.181495189666748,0.0281982421875,-0.0225067138671875,-0.998687744140625,0.999
3.185744047164917,0.0279083251953125,-0.02178955078125,-0.9978179931640625,0.998
3.1956751346588135,0.0283660888671875,-0.02197265625,-0.9981689453125,0.999
3.2075960636138916,0.0287017822265625,-0.0222930908203125,-0.9983367919921875,0.999
3.2172422409057617,0.028411865234375,-0.0216064453125,-0.998077392578125,0.999
3.2290971279144287,0.027801513671875,-0.0214996337890625,-0.9970855712890625,0.998
3.235558032989502,0.0280609130859375,-0.0221710205078125,-0.99847412109375,0.999
3.2452392578125,0.028045654296875,-0.0222625732421875,-0.99896240234375,1.0
3.257122039794922,0.0280914306640625,-0.02215576171875,-0.9985504150390625,0.999
3.266970157623291,0.0283966064453125,-0.0214691162109375,-0.99920654296875,1.0
3.279323101043701,0.0282745361328125,-0.0226593017578125,-0.99969482421875,1.0
3.2853622436523438,0.0280914306640625,-0.021636962890625,-0.996551513671875,0.997
3.2948622703552246,0.02825927734375,-0.0218048095703125,-0.9968414306640625,0.997
3.3072309494018555,0.02777099609375,-0.0222015380859375,-0.998748779296875,0.999
3.3169751167297363,0.02801513671875,-0.0225982666015625,-0.99737548828125,0.998
3.3299360275268555,0.0274658203125,-0.0220184326171875,-0.997833251953125,0.998
3.334691047668457,0.028076171875,-0.021514892578125,-0.998382568359375,0.999
3.344633102416992,0.0279693603515625,-0.0226898193359375,-0.9980621337890625,0.999
3.357525110244751,0.027923583984375,-0.022369384765625,-0.9967498779296875,0.997
3.366055965423584,0.028228759765625,-0.0223541259765625,-0.999114990234375,1.0
3.378232002258301,0.0283660888671875,-0.022216796875,-0.9977264404296875,0.998
3.384566068649292,0.0280609130859375,-0.022857666015625,-0.998260498046875,0.999
3.3943090438842773,0.02886962890625,-0.0213623046875,-0.99896240234375,1.0
3.4045960903167725,0.02813720703125,-0.0221099853515625,-0.99908447265625,1.0
3.4160921573638916,0.0277252197265625,-0.0217437744140625,-0.9970245361328125,0.998
3.426481246948242,0.0286102294921875,-0.0223236083984375,-0.99725341796875,0.998
3.434079170227051,0.0281219482421875,-0.0222625732421875,-0.998626708984375,0.999
3.443851947784424,0.0277252197265625,-0.0224761962890625,-0.99810791015625,0.999
3.4552550315856934,0.028045654296875,-0.02203369140625,-0.998443603515625,0.999
3.465888023376465,0.028228759765625,-0.0224761962890625,-0.9980621337890625,0.999
3.47757625579834,0.0276947021484375,-0.0220489501953125,-0.9981536865234375,0.999
3.483492136001587,0.02777099609375,-0.0218505859375,-0.9979095458984375,0.999
3.4935221672058105,0.027984619140625,-0.0220184326171875,-0.99761962890625,0.998
3.5060441493988037,0.0283660888671875,-0.022430419921875,-0.998992919921875,1.0
3.5146100521087646,0.028350830078125,-0.0222625732421875,-0.9990386962890625,1.0
3.528007984161377,0.0281524658203125,-0.0220489501953125,-0.9978790283203125,0.999
3.533283233642578,0.0279693603515625,-0.023193359375,-0.999053955078125,1.0
3.5433249473571777,0.027679443359375,-0.0224456787109375,-0.998626708984375,0.999
3.5547351837158203,0.02801513671875,-0.022125244140625,-0.99896240234375,1.0
3.565153121948242,0.027557373046875,-0.0224609375,-0.998291015625,0.999
3.580122947692871,0.028228759765625,-0.02191162109375,-0.9972686767578125,0.998
3.582825183868408,0.027984619140625,-0.022308349609375,-0.9988250732421875,0.999
3.592566967010498,0.0279541015625,-0.0223236083984375,-0.9991607666015625,1.0
3.6051101684570312,0.0276336669921875,-0.0219573974609375,-0.9984130859375,0.999
3.614717960357666,0.0289459228515625,-0.0217132568359375,-0.99884033203125,0.999
3.625676155090332,0.029022216796875,-0.0229034423828125,-0.9984283447265625,0.999
3.6327030658721924,0.027984619140625,-0.022705078125,-0.997802734375,0.998
3.642587184906006,0.028564453125,-0.0227813720703125,-0.9989013671875,1.0
3.6558890342712402,0.0279693603515625,-0.022247314453125,-0.998260498046875,0.999
3.664534091949463,0.0289306640625,-0.0229949951171875,-0.9976654052734375,0.998
3.6770410537719727,0.02752685546875,-0.0225830078125,-0.99853515625,0.999
3.6822919845581055,0.0279998779296875,-0.022705078125,-0.9991302490234375,1.0
3.6919779777526855,0.0279541015625,-0.0221710205078125,-0.9979705810546875,0.999
3.7024121284484863,0.0276641845703125,-0.02154541015625,-0.9973907470703125,0.998
3.7137391567230225,0.0279388427734375,-0.0223236083984375,-0.9983062744140625,0.999
3.7258710861206055,0.0286407470703125,-0.0222015380859375,-0.9989776611328125,1.0
3.7318460941314697,0.028533935546875,-0.0226898193359375,-0.9981231689453125,0.999
3.744786262512207,0.0286865234375,-0.0227813720703125,-0.9985809326171875,0.999
3.75453519821167,0.028289794921875,-0.022064208984375,-0.9989166259765625,1.0
3.7618250846862793,0.0281524658203125,-0.0224609375,-0.997528076171875,0.998
3.7716102600097656,0.0282135009765625,-0.0225677490234375,-0.9986114501953125,0.999
3.781775951385498,0.028045654296875,-0.0222625732421875,-0.99945068359375,1.0
3.7914340496063232,0.0276947021484375,-0.022247314453125,-0.9985504150390625,0.999
3.803926944732666,0.0281829833984375,-0.0226287841796875,-0.998687744140625,0.999
3.8123779296875,0.028472900390625,-0.0225372314453125,-0.9987640380859375,0.999
3.825622081756592,0.0279998779296875,-0.0218658447265625,-0.9986114501953125,0.999
3.830996036529541,0.0277099609375,-0.0229034423828125,-0.9982757568359375,0.999
3.840919017791748,0.0281829833984375,-0.022064208984375,-0.9979095458984375,0.999
3.8526482582092285,0.0278472900390625,-0.0224151611328125,-0.9977264404296875,0.998
3.861903190612793,0.0281982421875,-0.022308349609375,-0.9983367919921875,0.999
3.8764071464538574,0.027618408203125,-0.022613525390625,-0.9986724853515625,0.999
3.880671977996826,0.027862548828125,-0.0222625732421875,-0.998443603515625,0.999
3.8907599449157715,0.0284423828125,-0.02099609375,-0.9982147216796875,0.999
3.902445077896118,0.0288543701171875,-0.0220947265625,-0.99810791015625,0.999
3.911776065826416,0.0284423828125,-0.0221099853515625,-0.998138427734375,0.999
3.926286220550537,0.0286712646484375,-0.0225372314453125,-0.997711181640625,0.998
3.930232048034668,0.0289306640625,-0.0227508544921875,-0.99822998046875,0.999
3.939927101135254,0.02886962890625,-0.0231475830078125,-0.998443603515625,0.999
3.9522621631622314,0.0279998779296875,-0.02215576171875,-0.9988250732421875,0.999
3.961642265319824,0.027984619140625,-0.021759033203125,-0.9984893798828125,0.999
3.974040985107422,0.0281524658203125,-0.022491455078125,-0.9988861083984375,1.0
3.979952096939087,0.0277557373046875,-0.022308349609375,-0.997772216796875,0.998
3.990204095840454,0.027862548828125,-0.0225067138671875,-0.9986572265625,0.999
4.009487152099609,0.028289794921875,-0.021514892578125,-0.9989013671875,1.0
4.011754035949707,0.0278778076171875,-0.0221099853515625,-0.998291015625,0.999
4.019985198974609,0.02825927734375,-0.02227783203125,-0.99810791015625,0.999
4.031100273132324,0.0274810791015625,-0.0218963623046875,-0.997650146484375,0.998
4.0399322509765625,0.027496337890625,-0.0227508544921875,-0.9980926513671875,0.999
4.050972938537598,0.028411865234375,-0.0220794677734375,-0.998138427734375,0.999
4.0620810985565186,0.0279693603515625,-0.02203369140625,-0.9989471435546875,1.0
4.073706150054932,0.0278778076171875,-0.022064208984375,-0.9986419677734375,0.999
4.07908821105957,0.0284271240234375,-0.02239990234375,-0.99871826171875,0.999
4.089046001434326,0.0278472900390625,-0.022613525390625,-0.99810791015625,0.999
4.101001262664795,0.02813720703125,-0.02215576171875,-0.9990997314453125,1.0
4.1106531620025635,0.0291900634765625,-0.021697998046875,-0.99853515625,0.999
4.125457048416138,0.0276641845703125,-0.0219268798828125,-0.997100830078125,0.998
4.128996133804321,0.0284576416015625,-0.0225067138671875,-0.9976959228515625,0.998
4.139033079147339,0.02825927734375,-0.022918701171875,-0.9986419677734375,0.999
4.150863170623779,0.028289794921875,-0.0218353271484375,-0.9997406005859375,1.0
4.160149097442627,0.02783203125,-0.0219573974609375,-0.9977874755859375,0.998
4.1714091300964355,0.02825927734375,-0.02264404296875,-0.9988861083984375,1.0
4.178390026092529,0.0279998779296875,-0.022857666015625,-0.9987945556640625,0.999
4.188570976257324,0.0284271240234375,-0.0224151611328125,-0.9985198974609375,0.999
4.2000322341918945,0.028411865234375,-0.0223388671875,-0.9974365234375,0.998
4.211658954620361,0.028167724609375,-0.0225830078125,-0.9984130859375,0.999
4.223861217498779,0.02838134765625,-0.021759033203125,-0.9986114501953125,0.999
4.227976083755493,0.028076171875,-0.0222625732421875,-0.99798583984375,0.999
4.238135099411011,0.02789306640625,-0.022186279296875,-0.9975738525390625,0.998
4.248100280761719,0.027801513671875,-0.0218505859375,-0.9984130859375,0.999
4.258747100830078,0.0281829833984375,-0.022003173828125,-0.99835205078125,0.999
4.271070957183838,0.027679443359375,-0.022552490234375,-0.9982147216796875,0.999
4.277771949768066,0.0284576416015625,-0.022308349609375,-0.9983367919921875,0.999
4.28754997253418,0.028228759765625,-0.02178955078125,-0.9988555908203125,0.999
4.298634052276611,0.02783203125,-0.021942138671875,-0.9992828369140625,1.0
4.308993101119995,0.0277862548828125,-0.0220184326171875,-0.9986114501953125,0.999
4.32205605506897,0.0283660888671875,-0.022735595703125,-0.9987945556640625,0.999
4.327494144439697,0.028533935546875,-0.022308349609375,-0.9975433349609375,0.998
4.337276935577393,0.02777099609375,-0.022125244140625,-0.9979400634765625,0.999
4.348535060882568,0.027587890625,-0.0224456787109375,-0.9986724853515625,0.999
4.358640193939209,0.0280609130859375,-0.0217742919921875,-0.997161865234375,0.998
4.372023105621338,0.02777099609375,-0.0218048095703125,-0.9991455078125,1.0
4.377233028411865,0.028900146484375,-0.0225982666015625,-0.998321533203125,0.999
4.389210224151611,0.0287017822265625,-0.0221099853515625,-0.9993438720703125,1.0
4.397610187530518,0.028076171875,-0.0225982666015625,-0.9982452392578125,0.999
4.4087231159210205,0.0272979736328125,-0.0221710205078125,-0.9978790283203125,0.998
4.418560028076172,0.0277557373046875,-0.0220794677734375,-0.998626708984375,0.999
4.426667213439941,0.0281829833984375,-0.022796630859375,-0.99755859375,0.998
4.43660306930542,0.0278778076171875,-0.0225830078125,-0.998260498046875,0.999
4.4480531215667725,0.0273284912109375,-0.02252197265625,-0.9979248046875,0.999
4.459345102310181,0.028533935546875,-0.0224609375,-0.9974212646484375,0.998
4.470616102218628,0.027130126953125,-0.022705078125,-0.9983673095703125,0.999
4.476433277130127,0.0281829833984375,-0.0220489501953125,-0.998687744140625,0.999
4.488969087600708,0.02899169921875,-0.022613525390625,-0.998077392578125,0.999
4.498180150985718,0.0287017822265625,-0.0228729248046875,-0.9973297119140625,0.998
4.5088019371032715,0.028350830078125,-0.0225067138671875,-0.9985504150390625,0.999
4.51710319519043,0.0279083251953125,-0.0233001708984375,-0.9981689453125,0.999
4.525885105133057,0.0279693603515625,-0.021331787109375,-0.9978485107421875,0.998
4.53787899017334,0.0284881591796875,-0.0222015380859375,-0.998321533203125,0.999
4.546858072280884,0.0281524658203125,-0.02239990234375,-0.99810791015625,0.999
4.55676007270813,0.027679443359375,-0.0222320556640625,-0.9984588623046875,0.999
4.569388151168823,0.028533935546875,-0.02215576171875,-0.9983367919921875,0.999
4.5756611824035645,0.0288848876953125,-0.0219879150390625,-0.997344970703125,0.998
4.586003065109253,0.0281524658203125,-0.0220184326171875,-0.9983978271484375,0.999
4.5974791049957275,0.0277862548828125,-0.0225067138671875,-0.9984283447265625,0.999
4.606757164001465,0.0281219482421875,-0.023040771484375,-0.99853515625,0.999
4.621239185333252,0.02838134765625,-0.0224761962890625,-0.998382568359375,0.999
4.62515115737915,0.027801513671875,-0.0225372314453125,-0.9978790283203125,0.999
4.635458946228027,0.027984619140625,-0.02215576171875,-0.99737548828125,0.998
4.647428035736084,0.028656005859375,-0.021697998046875,-0.99725341796875,0.998
4.657389163970947,0.028564453125,-0.0224151611328125,-0.9990386962890625,1.0
4.667418003082275,0.028167724609375,-0.022247314453125,-0.9991455078125,1.0
4.675081253051758,0.0278472900390625,-0.022186279296875,-0.9976043701171875,0.998
4.684888124465942,0.0273590087890625,-0.021942138671875,-0.9978790283203125,0.998
4.696843147277832,0.0278167724609375,-0.022552490234375,-0.998931884765625,1.0
4.706192970275879,0.027923583984375,-0.022613525390625,-0.998046875,0.999
4.719679117202759,0.0282135009765625,-0.0223236083984375,-0.9981689453125,0.999
4.724358081817627,0.0283660888671875,-0.021575927734375,-0.9982452392578125,0.999
4.734539985656738,0.0278167724609375,-0.0218505859375,-0.998291015625,0.999
4.745335102081299,0.027862548828125,-0.02154541015625,-0.99859619140625,0.999
4.755369186401367,0.0282745361328125,-0.022003173828125,-0.9982452392578125,0.999
4.771371126174927,0.027801513671875,-0.0218658447265625,-0.998443603515625,0.999
4.774085998535156,0.0282135009765625,-0.021759033203125,-0.9979248046875,0.999
4.786604166030884,0.0289306640625,-0.0228118896484375,-0.9982147216796875,0.999
4.794532060623169,0.02838134765625,-0.0222015380859375,-0.9977874755859375,0.998
4.806007146835327,0.028533935546875,-0.023162841796875,-0.998809814453125,0.999
4.81875205039978,0.0286712646484375,-0.0215301513671875,-0.9979400634765625,0.999
4.824334144592285,0.0279388427734375,-0.0213775634765625,-0.9974822998046875,0.998
4.83410906791687,0.027679443359375,-0.02178955078125,-0.9981689453125,0.999
4.845415115356445,0.027435302734375,-0.0223541259765625,-0.9976654052734375,0.998
4.853744029998779,0.028167724609375,-0.021514892578125,-0.9986114501953125,0.999
4.863667964935303,0.0280609130859375,-0.0215911865234375,-0.9985504150390625,0.999
4.874032974243164,0.0276641845703125,-0.0225677490234375,-0.998565673828125,0.999
4.886147975921631,0.0280303955078125,-0.0233154296875,-0.998443603515625,0.999
4.896228075027466,0.0289764404296875,-0.021881103515625,-0.998870849609375,1.0
4.905768156051636,0.0276641845703125,-0.022003173828125,-0.9986419677734375,0.999
4.917523145675659,0.027862548828125,-0.022674560546875,-0.9988861083984375,1.0
4.9231181144714355,0.02838134765625,-0.02294921875,-0.9981536865234375,0.999
4.933406114578247,0.0274200439453125,-0.0230560302734375,-0.998077392578125,0.999
4.9453020095825195,0.0282440185546875,-0.02239990234375,-0.99737548828125,0.998
4.954977035522461,0.0283355712890625,-0.021942138671875,-0.997802734375,0.998
4.968201160430908,0.0284576416015625,-0.0216827392578125,-0.9982147216796875,0.999
4.972800254821777,0.0282440185546875,-0.02191162109375,-0.9982147216796875,0.999
4.982844114303589,0.027923583984375,-0.022369384765625,-0.9970245361328125,0.998
4.9957311153411865,0.027984619140625,-0.0226593017578125,-0.9976959228515625,0.998
5.004909038543701,0.028350830078125,-0.0223388671875,-0.9973907470703125,0.998
5.018651008605957,0.0280914306640625,-0.02154541015625,-0.997802734375,0.998
5.0225911140441895,0.027496337890625,-0.0216827392578125,-0.9977569580078125,0.998
5.03289008140564,0.0276641845703125,-0.0225372314453125,-0.998504638671875,0.999
5.044680118560791,0.027801513671875,-0.021728515625,-0.998260498046875,0.999
5.052839279174805,0.0283203125,-0.02197265625,-0.9974365234375,0.998
5.0632829666137695,0.02862548828125,-0.0221405029296875,-0.9977264404296875,0.998
5.072529077529907,0.0281829833984375,-0.0219573974609375,-0.9973907470703125,0.998
5.082641124725342,0.027374267578125,-0.0218505859375,-0.9977264404296875,0.998
5.094193935394287,0.0286407470703125,-0.022674560546875,-0.9991455078125,1.0
5.103969097137451,0.028656005859375,-0.0220489501953125,-0.9990234375,1.0
5.117187976837158,0.027557373046875,-0.0217742919921875,-0.997802734375,0.998
5.121979236602783,0.028656005859375,-0.022308349609375,-0.9981536865234375,0.999
5.132035255432129,0.0282135009765625,-0.0219268798828125,-0.9977264404296875,0.998
5.142704010009766,0.027923583984375,-0.021820068359375,-0.99835205078125,0.999
5.155300140380859,0.0281829833984375,-0.0225067138671875,-0.9983978271484375,0.999
5.168402194976807,0.028778076171875,-0.0218658447265625,-0.99664306640625,0.997
5.173177242279053,0.02789306640625,-0.0227203369140625,-0.9980316162109375,0.999
5.182898998260498,0.0280303955078125,-0.023223876953125,-0.9990081787109375,1.0
5.195274114608765,0.02850341796875,-0.0218658447265625,-0.997344970703125,0.998
5.204762935638428,0.02813720703125,-0.0217132568359375,-0.997589111328125,0.998
5.217212200164795,0.02752685546875,-0.021728515625,-0.9979400634765625,0.999
5.222314119338989,0.0278167724609375,-0.022064208984375,-0.9981689453125,0.999
5.232621192932129,0.027801513671875,-0.021240234375,-0.9976043701171875,0.998
5.242810249328613,0.02801513671875,-0.0215911865234375,-0.998809814453125,0.999
5.255185127258301,0.028289794921875,-0.0225830078125,-0.9974365234375,0.998
5.269957065582275,0.028228759765625,-0.021759033203125,-0.9986572265625,0.999
5.271989107131958,0.0277099609375,-0.0220489501953125,-0.998321533203125,0.999
5.282197952270508,0.0279388427734375,-0.022369384765625,-0.9985198974609375,0.999
5.293793201446533,0.028228759765625,-0.022003173828125,-0.998016357421875,0.999
5.303457260131836,0.0277557373046875,-0.022216796875,-0.99847412109375,0.999
5.314711093902588,0.0286407470703125,-0.0224761962890625,-0.9977874755859375,0.998
5.321684122085571,0.029327392578125,-0.0217132568359375,-0.997711181640625,0.998
5.331895112991333,0.0279693603515625,-0.0220947265625,-0.9986114501953125,0.999
5.34390115737915,0.027740478515625,-0.0226287841796875,-0.9983978271484375,0.999
5.353763103485107,0.0276947021484375,-0.0225677490234375,-0.99884033203125,0.999
5.367362976074219,0.0278778076171875,-0.022552490234375,-0.9982757568359375,0.999
5.371551990509033,0.0276641845703125,-0.022674560546875,-0.9982757568359375,0.999
5.381647109985352,0.0279541015625,-0.0212860107421875,-0.9994659423828125,1.0
5.393545150756836,0.0277557373046875,-0.0227813720703125,-0.998504638671875,0.999
5.4039082527160645,0.02801513671875,-0.0227203369140625,-0.9974517822265625,0.998
5.416964054107666,0.02789306640625,-0.0222320556640625,-0.998931884765625,1.0
5.421067237854004,0.02838134765625,-0.02252197265625,-0.9984283447265625,0.999
5.4311370849609375,0.0276031494140625,-0.0216064453125,-0.9981689453125,0.999
5.4410481452941895,0.027801513671875,-0.0218048095703125,-0.99810791015625,0.999
5.453030109405518,0.0286865234375,-0.02227783203125,-0.9983367919921875,0.999
5.466296195983887,0.02783203125,-0.0224151611328125,-0.997955322265625,0.999
5.471171140670776,0.02783203125,-0.02252197265625,-0.998260498046875,0.999
5.4807891845703125,0.02813720703125,-0.0224456787109375,-0.998382568359375,0.999
5.492557048797607,0.0282135009765625,-0.0227508544921875,-0.998321533203125,0.999
5.503880977630615,0.0282745361328125,-0.0220489501953125,-0.998870849609375,1.0
5.517277240753174,0.0282745361328125,-0.0222320556640625,-0.9979248046875,0.999
5.520411968231201,0.02777099609375,-0.0225067138671875,-0.998016357421875,0.999
5.530299186706543,0.02801513671875,-0.0230560302734375,-0.9979095458984375,0.999
5.542426109313965,0.0276641845703125,-0.0233917236328125,-0.999603271484375,1.0
5.552428245544434,0.0274505615234375,-0.023223876953125,-0.9982757568359375,0.999
5.565838098526001,0.0274658203125,-0.022003173828125,-0.9985504150390625,0.999
5.570265054702759,0.0278778076171875,-0.0225830078125,-0.9988861083984375,1.0
5.580114126205444,0.0280914306640625,-0.022125244140625,-0.9991607666015625,1.0
5.5903191566467285,0.0275726318359375,-0.0222015380859375,-0.9983673095703125,0.999
5.601345062255859,0.0279388427734375,-0.0216522216796875,-0.99822998046875,0.999
5.614007949829102,0.028594970703125,-0.0225830078125,-0.9979705810546875,0.999
5.619863986968994,0.028289794921875,-0.0222320556640625,-0.9976959228515625,0.998
5.629686117172241,0.0278167724609375,-0.02166748046875,-0.9973602294921875,0.998
5.6419291496276855,0.027923583984375,-0.0220489501953125,-0.998321533203125,0.999
5.651064157485962,0.027984619140625,-0.0222015380859375,-0.9979248046875,0.999
5.666041135787964,0.0278167724609375,-0.022308349609375,-0.998504638671875,0.999
5.669328212738037,0.0283966064453125,-0.0218963623046875,-0.9985198974609375,0.999
5.679342269897461,0.02801513671875,-0.02197265625,-0.99700927734375,0.998
5.691636085510254,0.02801513671875,-0.0217742919921875,-0.998931884765625,1.0
5.7011260986328125,0.028228759765625,-0.0218353271484375,-0.99810791015625,0.999
5.714540958404541,0.0279388427734375,-0.0226287841796875,-0.9984283447265625,0.999
5.718702077865601,0.028167724609375,-0.02239990234375,-0.9979400634765625,0.999
5.728979110717773,0.028564453125,-0.0216064453125,-0.998199462890625,0.999
5.741364002227783,0.0279693603515625,-0.0216064453125,-0.9975433349609375,0.998
5.750057220458984,0.0278167724609375,-0.021575927734375,-0.9978790283203125,0.998
5.762002944946289,0.0276031494140625,-0.0223388671875,-0.9989471435546875,1.0
5.768691062927246,0.028594970703125,-0.0218658447265625,-0.998382568359375,0.999
5.778710126876831,0.0290985107421875,-0.022247314453125,-0.9977264404296875,0.998
5.791451930999756,0.02813720703125,-0.022674560546875,-0.9978790283203125,0.999
5.801228046417236,0.027435302734375,-0.0223846435546875,-0.99761962890625,0.998
5.813320159912109,0.0279388427734375,-0.021636962890625,-0.998016357421875,0.999
5.818515062332153,0.02764892578125,-0.022308349609375,-0.998809814453125,0.999
5.828402042388916,0.0284423828125,-0.0228118896484375,-0.9987640380859375,0.999
5.841735124588013,0.0289154052734375,-0.021881103515625,-0.9983673095703125,0.999
5.849764108657837,0.0280609130859375,-0.022064208984375,-0.9982452392578125,0.999
5.86124324798584,0.0279693603515625,-0.02203369140625,-0.9985504150390625,0.999
5.8681111335754395,0.0278472900390625,-0.0221710205078125,-0.9986419677734375,0.999
5.8793110847473145,0.0284576416015625,-0.0221710205078125,-0.998748779296875,0.999
5.890151023864746,0.02923583984375,-0.022369384765625,-0.99871826171875,0.999
5.899864196777344,0.0273284912109375,-0.022216796875,-0.998199462890625,0.999
5.914845943450928,0.02764892578125,-0.0222625732421875,-0.9985198974609375,0.999
5.9176411628723145,0.0282135009765625,-0.0223388671875,-0.998931884765625,1.0
5.927679061889648,0.028594970703125,-0.022705078125,-0.998748779296875,0.999
5.941063165664673,0.0280914306640625,-0.022216796875,-0.99822998046875,0.999
5.949825048446655,0.028594970703125,-0.0223846435546875,-0.998931884765625,1.0
5.959493160247803,0.0279541015625,-0.0224456787109375,-0.9986419677734375,0.999
5.967494010925293,0.0283660888671875,-0.02203369140625,-0.9979248046875,0.999
5.977118968963623,0.0281982421875,-0.02191162109375,-0.9981536865234375,0.999
5.987368106842041,0.028289794921875,-0.022491455078125,-0.997894287109375,0.999
5.999790191650391,0.0287322998046875,-0.02294921875,-0.9978790283203125,0.999
6.0131449699401855,0.0282440185546875,-0.0258331298828125,-1.007781982421875,1.009
6.017163276672363,0.029388427734375,-0.020355224609375,-0.99993896484375,1.001
6.027140140533447,0.0267181396484375,-0.0173187255859375,-0.978240966796875,0.979
6.0367889404296875,0.028228759765625,-0.0169677734375,-0.9905548095703125,0.991
6.0496392250061035,0.027252197265625,-0.020751953125,-1.0137939453125,1.014
6.061315059661865,0.027679443359375,-0.0254974365234375,-1.0078125,1.009
6.066859245300293,0.02880859375,-0.026458740234375,-0.995574951171875,0.996
6.0762951374053955,0.0275115966796875,-0.025604248046875,-1.00518798828125,1.006
6.086850166320801,0.0289764404296875,-0.0240631103515625,-0.99517822265625,0.996
6.09876012802124,0.02813720703125,-0.0206756591796875,-0.985595703125,0.986
6.11187219619751,0.0301361083984375,-0.019805908203125,-1.0034332275390625,1.004
6.116425037384033,0.0283050537109375,-0.02008056640625,-1.001739501953125,1.002
6.126709938049316,0.0264739990234375,-0.0214996337890625,-0.9957122802734375,0.996
6.136556148529053,0.0253448486328125,-0.0229644775390625,-1.0000457763671875,1.001
6.148611068725586,0.02581787109375,-0.0237579345703125,-1.00390625,1.005
6.162150144577026,0.027801513671875,-0.0244598388671875,-0.991973876953125,0.993
6.16591215133667,0.0284271240234375,-0.0234375,-0.996002197265625,0.997
6.175662994384766,0.0306243896484375,-0.0230560302734375,-1.000335693359375,1.001
6.185848236083984,0.0296630859375,-0.0218963623046875,-0.9958953857421875,0.997
6.197964191436768,0.027008056640625,-0.0211181640625,-0.9987640380859375,0.999
6.208073139190674,0.027801513671875,-0.0211334228515625,-1.002471923828125,1.003
6.215607166290283,0.026580810546875,-0.022247314453125,-0.9978179931640625,0.998
6.2252702713012695,0.026824951171875,-0.022491455078125,-0.9962615966796875,0.997
6.235894203186035,0.0277862548828125,-0.0231475830078125,-0.9990234375,1.0
6.246737003326416,0.027740478515625,-0.0226287841796875,-0.9958038330078125,0.996
6.259407997131348,0.0283203125,-0.021881103515625,-0.997283935546875,0.998
6.265275001525879,0.0286407470703125,-0.0224609375,-1.00299072265625,1.004
6.274914264678955,0.028656005859375,-0.021392822265625,-0.99932861328125,1.0
6.285208225250244,0.0282135009765625,-0.0207366943359375,-0.994171142578125,0.995
6.297520160675049,0.0289764404296875,-0.0215911865234375,-0.9984588623046875,0.999
6.310523986816406,0.0279388427734375,-0.0222930908203125,-0.9988861083984375,1.0
6.3152501583099365,0.02703857421875,-0.022705078125,-0.994476318359375,0.995
6.3256402015686035,0.0266571044921875,-0.0226593017578125,-0.9984283447265625,0.999
6.3351149559021,0.0271453857421875,-0.022857666015625,-1.0012054443359375,1.002
6.346526145935059,0.02813720703125,-0.0231170654296875,-0.9998779296875,1.001
6.3602800369262695,0.0291900634765625,-0.0220489501953125,-0.99884033203125,1.0
6.3646180629730225,0.029449462890625,-0.0205230712890625,-0.9984588623046875,0.999
6.375891208648682,0.0286712646484375,-0.020263671875,-0.99432373046875,0.995
6.384480953216553,0.027862548828125,-0.022064208984375,-0.9948577880859375,0.995
6.396546125411987,0.0274505615234375,-0.022735595703125,-1.000152587890625,1.001
6.408409118652344,0.02618408203125,-0.0232391357421875,-1.00115966796875,1.002
6.414092063903809,0.0273590087890625,-0.022918701171875,-0.9993438720703125,1.0
6.423778057098389,0.027862548828125,-0.0228424072265625,-0.9991912841796875,1.0
6.434391975402832,0.0284423828125,-0.0214385986328125,-0.9971923828125,0.998
6.446249008178711,0.0291748046875,-0.0206756591796875,-0.993927001953125,0.995
6.459790229797363,0.02911376953125,-0.0216217041015625,-0.9974365234375,0.998
6.464064121246338,0.0285186767578125,-0.0221710205078125,-0.9997100830078125,1.0
6.4747841358184814,0.0281982421875,-0.022674560546875,-0.9996490478515625,1.0
6.484013080596924,0.02728271484375,-0.023681640625,-0.9999237060546875,1.001
6.496401071548462,0.027801513671875,-0.022613525390625,-0.999267578125,1.0
6.511631011962891,0.0278778076171875,-0.0219879150390625,-0.9967193603515625,0.997
6.513159275054932,0.02825927734375,-0.0213775634765625,-0.9968109130859375,0.997
6.524017095565796,0.0279083251953125,-0.0212554931640625,-0.9982757568359375,0.999
6.533761024475098,0.028228759765625,-0.021575927734375,-0.9990081787109375,1.0
6.5453009605407715,0.0285491943359375,-0.02197265625,-0.999176025390625,1.0
6.558861255645752,0.027984619140625,-0.0223846435546875,-1.00054931640625,1.001
6.56328010559082,0.0283966064453125,-0.022705078125,-0.9984283447265625,0.999
6.573177099227905,0.027740478515625,-0.0222320556640625,-0.9972381591796875,0.998
6.583451271057129,0.027496337890625,-0.0225677490234375,-0.9978179931640625,0.998
6.595389127731323,0.027130126953125,-0.0214080810546875,-0.999542236328125,1.0
6.607941150665283,0.027557373046875,-0.0218963623046875,-0.99871826171875,0.999
6.612729072570801,0.0278472900390625,-0.022369384765625,-0.998260498046875,0.999
6.625010967254639,0.0279083251953125,-0.0223846435546875,-0.9986114501953125,0.999
6.634787082672119,0.0283203125,-0.02203369140625,-0.99822998046875,0.999
6.644349098205566,0.028778076171875,-0.02227783203125,-0.997833251953125,0.998
6.6576621532440186,0.02789306640625,-0.0220184326171875,-0.99761962890625,0.998
6.662508964538574,0.0278778076171875,-0.0223388671875,-0.9989776611328125,1.0
6.67238712310791,0.027313232421875,-0.022430419921875,-0.9990692138671875,1.0
6.684607028961182,0.027923583984375,-0.0222015380859375,-0.998199462890625,0.999
6.6932172775268555,0.0281219482421875,-0.0223236083984375,-0.9978790283203125,0.999
6.705667972564697,0.0286407470703125,-0.021087646484375,-0.998046875,0.999
6.711932182312012,0.028594970703125,-0.0214080810546875,-0.9983367919921875,0.999
6.722082138061523,0.0286865234375,-0.02227783203125,-0.9983367919921875,0.999
6.734270095825195,0.0281524658203125,-0.0223846435546875,-0.998931884765625,1.0
6.7427849769592285,0.0277557373046875,-0.0224761962890625,-0.9993743896484375,1.0
6.756809234619141,0.028045654296875,-0.0219879150390625,-0.9995880126953125,1.0
6.761841058731079,0.0283203125,-0.0220184326171875,-0.9980316162109375,0.999
6.771736145019531,0.0278167724609375,-0.0221405029296875,-0.998321533203125,0.999
6.781804084777832,0.0285491943359375,-0.02166748046875,-0.99853515625,0.999
6.794167995452881,0.028289794921875,-0.021209716796875,-0.9979705810546875,0.999
6.810911178588867,0.0275726318359375,-0.022125244140625,-0.999481201171875,1.0
6.811784267425537,0.0275726318359375,-0.022125244140625,-0.999481201171875,1.0
6.821315050125122,0.02801513671875,-0.022430419921875,-0.9988555908203125,1.0
6.831603050231934,0.0286102294921875,-0.0222625732421875,-0.997467041015625,0.998
6.843636989593506,0.0291748046875,-0.022735595703125,-0.9976043701171875,0.998
6.857818126678467,0.0282745361328125,-0.0220794677734375,-0.9979400634765625,0.999
6.860596179962158,0.02777099609375,-0.0221099853515625,-0.998321533203125,0.999
6.8711020946502686,0.0278167724609375,-0.02191162109375,-0.9987945556640625,0.999
6.880994081497192,0.02740478515625,-0.022308349609375,-0.9987335205078125,0.999
6.8930981159210205,0.0288543701171875,-0.0226898193359375,-0.99896240234375,1.0
6.912711143493652,0.02783203125,-0.0216217041015625,-0.9988555908203125,0.999
6.913072109222412,0.02783203125,-0.0216217041015625,-0.9988555908203125,0.999
6.92060112953186,0.0283050537109375,-0.0214691162109375,-0.9978790283203125,0.999
6.930541038513184,0.0276947021484375,-0.0222930908203125,-0.9984283447265625,0.999
6.942306041717529,0.0280914306640625,-0.022674560546875,-0.999359130859375,1.0
6.956672191619873,0.0289459228515625,-0.0216827392578125,-0.998565673828125,0.999
6.960364103317261,0.027679443359375,-0.0227203369140625,-0.9992523193359375,1.0
6.973603248596191,0.0277862548828125,-0.0225372314453125,-0.9996185302734375,1.0
6.9803972244262695,0.0281524658203125,-0.0218963623046875,-0.999114990234375,1.0
6.991703033447266,0.027740478515625,-0.0221405029296875,-0.999420166015625,1.0
7.005758047103882,0.0282440185546875,-0.022247314453125,-0.998931884765625,1.0
7.009848117828369,0.0283203125,-0.0222930908203125,-0.9984130859375,0.999
7.022387981414795,0.0280914306640625,-0.022674560546875,-0.9992828369140625,1.0
7.031739234924316,0.0277252197265625,-0.0219573974609375,-0.9981536865234375,0.999
7.041712284088135,0.0277557373046875,-0.0215606689453125,-0.9991455078125,1.0
7.056048154830933,0.0278778076171875,-0.022003173828125,-0.9983673095703125,0.999
7.059996128082275,0.0286102294921875,-0.022064208984375,-0.9986724853515625,0.999
7.073547124862671,0.0280914306640625,-0.0220794677734375,-0.9993896484375,1.0
7.07971715927124,0.027313232421875,-0.02227783203125,-0.9989166259765625,1.0
7.0923590660095215,0.0281982421875,-0.0229339599609375,-0.9982452392578125,0.999
7.107537269592285,0.027862548828125,-0.0219879150390625,-0.9989166259765625,1.0
7.108881950378418,0.0284576416015625,-0.022491455078125,-0.998443603515625,0.999
7.1189751625061035,0.0284271240234375,-0.021728515625,-0.9986572265625,0.999
7.1292572021484375,0.028350830078125,-0.0215911865234375,-0.9991455078125,1.0
7.141258239746094,0.02777099609375,-0.0224761962890625,-0.997589111328125,0.998
7.154667139053345,0.028045654296875,-0.022430419921875,-0.99884033203125,0.999
7.159150123596191,0.0279998779296875,-0.0226898193359375,-0.998199462890625,0.999
7.168898105621338,0.0278778076171875,-0.0223388671875,-0.9989013671875,1.0
7.180812120437622,0.027923583984375,-0.022674560546875,-0.999359130859375,1.0
7.190841197967529,0.0282745361328125,-0.022247314453125,-0.998779296875,0.999
7.205469131469727,0.028076171875,-0.0229644775390625,-0.9983367919921875,0.999
7.208307266235352,0.02825927734375,-0.02294921875,-0.9990386962890625,1.0
7.218499183654785,0.027618408203125,-0.0223388671875,-0.999298095703125,1.0
7.228727102279663,0.027496337890625,-0.0230712890625,-0.998626708984375,0.999
7.240962982177734,0.027801513671875,-0.0227508544921875,-0.9987945556640625,0.999
7.252493143081665,0.028228759765625,-0.0223541259765625,-0.9975433349609375,0.998
7.258202075958252,0.0281219482421875,-0.0222625732421875,-0.99810791015625,0.999
7.268108129501343,0.02880859375,-0.02227783203125,-0.998291015625,0.999
7.280467987060547,0.0285797119140625,-0.0221710205078125,-0.999114990234375,1.0
7.290929079055786,0.02825927734375,-0.0218353271484375,-0.9975433349609375,0.998
7.304543972015381,0.02825927734375,-0.0220947265625,-0.9984893798828125,0.999
7.307648181915283,0.0278167724609375,-0.0216217041015625,-0.999053955078125,1.0
7.317882061004639,0.027801513671875,-0.022613525390625,-0.9983673095703125,0.999
7.32802414894104,0.0277862548828125,-0.021392822265625,-0.9977874755859375,0.998
7.34135103225708,0.027496337890625,-0.021942138671875,-0.996978759765625,0.998
7.3532421588897705,0.0288543701171875,-0.0225067138671875,-0.9981536865234375,0.999
7.357604026794434,0.0286102294921875,-0.02313232421875,-0.99853515625,0.999
7.367455005645752,0.02825927734375,-0.0221099853515625,-0.998809814453125,0.999
7.377329111099243,0.028472900390625,-0.0220794677734375,-0.998626708984375,0.999
7.3905792236328125,0.0283355712890625,-0.0228271484375,-0.9983978271484375,0.999
7.403141975402832,0.027984619140625,-0.0220489501953125,-0.997802734375,0.998
7.406989097595215,0.0279998779296875,-0.0227508544921875,-0.9983673095703125,0.999
7.425457954406738,0.028045654296875,-0.0220184326171875,-0.99774169921875,0.998
7.427192211151123,0.02874755859375,-0.0229949951171875,-0.9991302490234375,1.0
7.443026065826416,0.027923583984375,-0.02215576171875,-0.9991607666015625,1.0
7.4557342529296875,0.0283050537109375,-0.0220794677734375,-0.9990997314453125,1.0
7.456725120544434,0.0284423828125,-0.022705078125,-0.9983673095703125,0.999
7.46677827835083,0.0282440185546875,-0.0220794677734375,-0.997955322265625,0.999
7.476797103881836,0.0281982421875,-0.0218658447265625,-0.998504638671875,0.999
7.489593029022217,0.0282745361328125,-0.0227203369140625,-0.998992919921875,1.0
7.4981842041015625,0.0277862548828125,-0.0220794677734375,-0.9980621337890625,0.999
7.511133193969727,0.02783203125,-0.021453857421875,-0.9982757568359375,0.999
7.51624608039856,0.0274810791015625,-0.0221405029296875,-0.9982757568359375,0.999
7.5264129638671875,0.0282440185546875,-0.0218505859375,-0.99871826171875,0.999
7.539813041687012,0.0291595458984375,-0.022735595703125,-0.9978179931640625,0.999
7.546294212341309,0.027740478515625,-0.0230712890625,-0.9978790283203125,0.999
7.556669235229492,0.02825927734375,-0.02142333984375,-0.99884033203125,0.999
7.566148281097412,0.0281982421875,-0.0215606689453125,-0.9995574951171875,1.0
7.575963973999023,0.027984619140625,-0.0218353271484375,-0.9982452392578125,0.999
7.587353229522705,0.0279998779296875,-0.021728515625,-0.998321533203125,0.999
7.597875118255615,0.02825927734375,-0.0219573974609375,-0.9986572265625,0.999
7.614683151245117,0.0278778076171875,-0.02178955078125,-0.99835205078125,0.999
7.615676164627075,0.0281524658203125,-0.0222930908203125,-0.998931884765625,1.0
7.625380992889404,0.02825927734375,-0.0223388671875,-0.99871826171875,0.999
7.635868072509766,0.0286102294921875,-0.0218658447265625,-0.9983978271484375,0.999
7.647817134857178,0.0279541015625,-0.02252197265625,-0.9993896484375,1.0
7.659881114959717,0.0280303955078125,-0.0225677490234375,-0.998931884765625,1.0
7.665380001068115,0.028106689453125,-0.02252197265625,-0.998138427734375,0.999
7.675282001495361,0.027130126953125,-0.0222930908203125,-0.99835205078125,0.999
7.685608148574829,0.0284423828125,-0.0226898193359375,-0.99932861328125,1.0
7.697150230407715,0.0278778076171875,-0.0228118896484375,-0.998291015625,0.999
7.711348056793213,0.028564453125,-0.022003173828125,-0.9977569580078125,0.998
7.7148520946502686,0.0284423828125,-0.0224761962890625,-0.998748779296875,0.999
7.724826097488403,0.0279693603515625,-0.023162841796875,-0.99835205078125,0.999
7.735301971435547,0.02740478515625,-0.0220947265625,-0.9981231689453125,0.999
7.747296094894409,0.0276947021484375,-0.021942138671875,-0.9986419677734375,0.999
7.759315013885498,0.027587890625,-0.0226593017578125,-0.9972381591796875,0.998
7.764573097229004,0.0284423828125,-0.0228424072265625,-0.9990997314453125,1.0
7.774574279785156,0.02777099609375,-0.022064208984375,-0.9981231689453125,0.999
7.786252021789551,0.028106689453125,-0.021728515625,-0.9977264404296875,0.998
7.7961249351501465,0.0283966064453125,-0.0223846435546875,-0.9993438720703125,1.0
7.809255123138428,0.0279541015625,-0.0220184326171875,-0.9979705810546875,0.999
7.814455986022949,0.0280914306640625,-0.0226898193359375,-0.9991607666015625,1.0
7.824404239654541,0.02850341796875,-0.02276611328125,-0.9989166259765625,1.0
7.834437131881714,0.028167724609375,-0.0220947265625,-0.99945068359375,1.0
7.84604024887085,0.0280609130859375,-0.0222320556640625,-0.997650146484375,0.998
7.861659049987793,0.027801513671875,-0.022216796875,-0.998565673828125,0.999
7.863670110702515,0.02825927734375,-0.0222930908203125,-0.9991912841796875,1.0
7.873955249786377,0.0280303955078125,-0.0228118896484375,-0.99786376953125,0.999
7.885962009429932,0.0279693603515625,-0.021759033203125,-0.998321533203125,0.999
7.895400047302246,0.028656005859375,-0.021759033203125,-0.9983978271484375,0.999
7.908329963684082,0.0281524658203125,-0.0217437744140625,-0.9983978271484375,0.999
7.913517951965332,0.028076171875,-0.0224761962890625,-0.998077392578125,0.999
7.923731088638306,0.0286102294921875,-0.0229644775390625,-0.99957275390625,1.0
7.9365949630737305,0.0281219482421875,-0.0217742919921875,-0.9981842041015625,0.999
7.944940090179443,0.028228759765625,-0.0221099853515625,-0.9994964599609375,1.0
7.958092212677002,0.0279693603515625,-0.0224151611328125,-0.9988861083984375,1.0
7.963252067565918,0.0266265869140625,-0.021636962890625,-0.99859619140625,0.999
7.973243236541748,0.027923583984375,-0.0221405029296875,-0.99853515625,0.999
7.9837212562561035,0.0274810791015625,-0.023040771484375,-0.99822998046875,0.999
7.994847059249878,0.027618408203125,-0.022796630859375,-0.997955322265625,0.999
8.006895065307617,0.0285491943359375,-0.02197265625,-0.998046875,0.999
8.013011932373047,0.0278167724609375,-0.022308349609375,-0.9994049072265625,1.0
8.024442195892334,0.028594970703125,-0.0216217041015625,-0.9981231689453125,0.999
8.035278081893921,0.0278472900390625,-0.02227783203125,-0.9977569580078125,0.998
8.044239044189453,0.028045654296875,-0.0223846435546875,-0.9974822998046875,0.998
8.058379173278809,0.0278778076171875,-0.022247314453125,-0.99798583984375,0.999
8.062437057495117,0.028533935546875,-0.022369384765625,-0.9987640380859375,0.999
8.072580099105835,0.0276947021484375,-0.022552490234375,-0.998931884765625,1.0
8.082435131072998,0.0279541015625,-0.0221405029296875,-0.998077392578125,0.999
8.095065116882324,0.0286102294921875,-0.0229949951171875,-0.999114990234375,1.0
8.112133979797363,0.0284881591796875,-0.0223236083984375,-0.99853515625,0.999
8.113333225250244,0.0284881591796875,-0.0223236083984375,-0.99853515625,0.999
8.125529050827026,0.0283660888671875,-0.02288818359375,-0.998992919921875,1.0
8.131866931915283,0.027679443359375,-0.02239990234375,-0.99896240234375,1.0
8.1438570022583,0.0273590087890625,-0.0223236083984375,-0.998809814453125,0.999
8.154374122619629,0.0279388427734375,-0.022674560546875,-0.9978179931640625,0.998
8.16188907623291,0.02801513671875,-0.022430419921875,-0.9987030029296875,0.999
8.17206621170044,0.02874755859375,-0.023040771484375,-0.9982147216796875,0.999
8.182165145874023,0.0278778076171875,-0.022430419921875,-0.9976348876953125,0.998
8.19416093826294,0.0281219482421875,-0.0229949951171875,-0.9984893798828125,0.999
8.206953048706055,0.027801513671875,-0.022369384765625,-0.9987640380859375,0.999
8.21150827407837,0.0276031494140625,-0.0216827392578125,-1.0,1.001
8.221668243408203,0.028564453125,-0.021942138671875,-0.99871826171875,0.999
8.233899116516113,0.0280303955078125,-0.0225067138671875,-0.997802734375,0.998
8.24312710762024,0.027740478515625,-0.021881103515625,-0.9987335205078125,0.999
8.255133152008057,0.0284423828125,-0.0222320556640625,-0.99859619140625,0.999
8.26118516921997,0.0280914306640625,-0.0225067138671875,-0.9995269775390625,1.0
8.271620273590088,0.02862548828125,-0.0220184326171875,-0.998809814453125,0.999
8.282876014709473,0.0281524658203125,-0.0227813720703125,-0.99859619140625,0.999
8.29270315170288,0.0281524658203125,-0.02294921875,-0.9980010986328125,0.999
8.306563138961792,0.0280914306640625,-0.0218505859375,-0.999755859375,1.0
8.310853958129883,0.0281829833984375,-0.0223388671875,-0.999114990234375,1.0
8.320590019226074,0.02813720703125,-0.0224456787109375,-0.998382568359375,0.999
8.332755088806152,0.028167724609375,-0.0228424072265625,-0.998809814453125,0.999
8.342044115066528,0.0280609130859375,-0.0225372314453125,-0.9988555908203125,1.0
8.356203079223633,0.0280609130859375,-0.022552490234375,-0.9979705810546875,0.999
8.360194206237793,0.0280303955078125,-0.022613525390625,-0.997711181640625,0.998
8.370389938354492,0.0282135009765625,-0.0224761962890625,-0.99871826171875,0.999
8.380277156829834,0.0279083251953125,-0.0225830078125,-0.9985198974609375,0.999
8.391524076461792,0.0284881591796875,-0.0228729248046875,-0.998687744140625,0.999
8.406718254089355,0.0281982421875,-0.0221710205078125,-0.998992919921875,1.0
8.409979104995728,0.02777099609375,-0.02252197265625,-0.9985198974609375,0.999
8.419969081878662,0.0276947021484375,-0.0222625732421875,-0.9981536865234375,0.999
8.429995059967041,0.0279998779296875,-0.022125244140625,-0.9980621337890625,0.999
8.44190502166748,0.027923583984375,-0.0226898193359375,-0.99810791015625,0.999
8.455451011657715,0.0289306640625,-0.022857666015625,-0.9986114501953125,0.999
8.459668159484863,0.0284423828125,-0.023223876953125,-0.9979095458984375,0.999
8.469685077667236,0.02740478515625,-0.02294921875,-0.998504638671875,0.999
8.479581117630005,0.027618408203125,-0.0226287841796875,-0.99761962890625,0.998
8.491616249084473,0.0281219482421875,-0.0222625732421875,-0.9979095458984375,0.999
8.50296926498413,0.0279541015625,-0.0228118896484375,-0.9987640380859375,0.999
8.509215116500854,0.0281524658203125,-0.0230255126953125,-0.9979095458984375,0.999
8.519402980804443,0.0159912109375,-0.016815185546875,-0.9379425048828125,0.938
8.529778003692627,0.0462493896484375,-0.030029296875,-1.075592041015625,1.077
8.541605949401855,0.02105712890625,-0.0191192626953125,-0.9638671875,0.964
8.556371212005615,0.0332183837890625,-0.0247039794921875,-1.0146484375,1.015
8.558916091918945,0.032440185546875,-0.0232696533203125,-1.0175323486328125,1.018
8.574224948883057,0.0276336669921875,-0.0222320556640625,-0.993682861328125,0.994
8.578869104385376,0.03009033203125,-0.023162841796875,-0.9994049072265625,1.0
8.593148231506348,0.0269775390625,-0.021881103515625,-0.994140625,0.995
