time,ax,ay,az,atotal
0.02378988265991211,0.09,-0.03,-0.48,0.48
0.025330066680908203,0.11,-0.04,-0.5,0.51
0.026427030563354492,-0.09,0.02,0.4,0.41
0.027521133422851562,-0.03,0.01,0.19,0.19
0.038519859313964844,0.07,-0.02,-0.23,0.24
0.048330068588256836,-0.01,0.01,0.08,0.08
0.05899190902709961,-0.01,0.01,0.01,0.01
0.06858491897583008,0.02,-0.01,-0.16,0.16
0.07910394668579102,-0.01,0.0,-0.02,0.02
0.08975887298583984,0.0,0.0,-0.03,0.03
0.09918904304504395,-0.01,-0.01,-0.02,0.02
0.10941886901855469,-0.01,-0.01,0.05,0.05
0.118743896484375,-0.01,0.0,0.0,0.01
0.12906694412231445,0.0,0.0,-0.03,0.03
0.1390209197998047,-0.01,0.0,-0.02,0.02
0.14884185791015625,-0.01,0.01,-0.02,0.02
0.1591169834136963,-0.01,0.01,0.01,0.01
0.16865897178649902,-0.01,0.0,0.0,0.01
0.1784210205078125,-0.01,0.0,-0.02,0.02
0.18888092041015625,-0.01,-0.01,-0.01,0.01
0.19859886169433594,0.0,0.0,0.01,0.01
0.2088000774383545,0.0,0.0,-0.01,0.01
0.21838712692260742,-0.01,0.0,-0.02,0.02
0.2283039093017578,-0.01,0.0,0.02,0.02
0.2383260726928711,0.0,0.0,0.02,0.02
0.2478170394897461,0.0,0.0,-0.04,0.04
0.25753116607666016,-0.01,0.0,0.02,0.02
0.26801300048828125,0.0,0.01,0.02,0.02
0.27797985076904297,-0.01,0.0,0.01,0.01
0.2878861427307129,0.0,-0.01,-0.01,0.01
0.29734301567077637,0.0,0.0,-0.02,0.02
0.30765295028686523,0.0,0.01,-0.02,0.02
0.3171110153198242,0.0,0.0,0.0,0.0
0.3272838592529297,0.0,0.0,0.0,0.0
0.33718299865722656,0.0,0.0,0.01,0.01
0.3472020626068115,-0.01,0.0,0.01,0.01
0.35714197158813477,-0.01,0.0,-0.02,0.02
0.3671689033508301,0.0,-0.01,-0.02,0.02
0.3769080638885498,0.0,0.0,0.0,0.0
0.3867621421813965,0.0,0.0,-0.01,0.01
0.39768409729003906,0.0,0.01,0.01,0.01
0.4071800708770752,0.0,0.0,-0.01,0.01
0.41708993911743164,0.0,0.0,-0.04,0.04
0.42691516876220703,0.0,-0.01,-0.01,0.01
0.43660593032836914,0.0,0.0,-0.04,0.04
0.44660091400146484,0.0,0.0,0.03,0.03
0.4564700126647949,-0.01,0.0,0.08,0.08
0.46688103675842285,0.0,0.0,-0.03,0.03
0.4768850803375244,-0.01,0.01,0.0,0.01
0.4862220287322998,0.0,0.0,0.0,0.0
0.4969801902770996,-0.01,0.0,-0.03,0.03
0.5065979957580566,-0.01,0.0,-0.01,0.01
0.5157818794250488,0.0,-0.01,0.0,0.01
0.5264420509338379,0.01,0.0,-0.01,0.01
0.5360288619995117,0.0,-0.01,0.0,0.01
0.5457170009613037,0.0,0.0,0.0,0.0
0.555872917175293,0.0,0.01,0.0,0.01
0.5656008720397949,-0.01,0.01,-0.01,0.01
0.5755259990692139,-0.01,0.0,0.01,0.01
0.5853738784790039,-0.01,0.0,0.0,0.01
0.5951120853424072,-0.01,0.0,-0.01,0.01
0.6053891181945801,0.0,0.0,0.0,0.0
0.6158080101013184,0.01,-0.01,-0.01,0.01
0.6257429122924805,0.01,0.0,-0.01,0.01
0.6355860233306885,0.0,0.01,0.03,0.03
0.643549919128418,0.0,0.0,0.0,0.0
0.6534299850463867,-0.01,0.01,-0.02,0.02
0.6655611991882324,-0.01,0.01,0.01,0.01
0.6752200126647949,-0.01,0.01,0.02,0.02
0.6847519874572754,-0.01,0.0,-0.02,0.02
0.6947159767150879,0.0,0.0,0.0,0.0
0.7050590515136719,0.0,0.0,0.03,0.03
0.7146720886230469,0.0,0.0,-0.03,0.03
0.7245678901672363,0.0,0.0,-0.03,0.03
0.7421300411224365,0.02,0.02,-0.16,0.16
0.7445831298828125,-0.02,-0.02,0.15,0.15
0.7540700435638428,-0.03,0.02,0.1,0.1
0.7647271156311035,0.01,-0.01,-0.12,0.12
0.7764010429382324,-0.02,0.01,-0.05,0.05
0.7993090152740479,0.01,0.0,-0.03,0.03
0.8004159927368164,-0.01,0.0,0.08,0.08
0.801872968673706,-0.01,0.0,0.09,0.09
0.8119430541992188,0.0,0.0,0.03,0.03
0.8220901489257812,0.0,0.0,-0.01,0.01
0.8315911293029785,0.01,0.0,-0.05,0.05
0.84381103515625,0.02,0.0,-0.08,0.08
0.8514418601989746,0.01,-0.01,-0.06,0.06
0.8637959957122803,0.01,-0.01,0.01,0.01
0.8737120628356934,-0.01,0.0,0.03,0.03
0.8835039138793945,-0.01,0.0,0.04,0.04
0.8911190032958984,-0.01,0.0,-0.01,0.01
0.9014201164245605,-0.01,0.01,0.02,0.02
0.9132351875305176,0.0,0.01,0.04,0.04
0.9236831665039062,-0.02,0.0,-0.02,0.02
0.9341731071472168,-0.01,0.0,-0.01,0.01
0.9407691955566406,-0.03,0.0,0.02,0.03
0.9507660865783691,-0.01,-0.01,-0.03,0.03
0.9630820751190186,-0.01,0.0,-0.02,0.02
0.9728569984436035,-0.01,0.0,-0.01,0.01
0.9850339889526367,0.0,0.0,-0.03,0.03
0.9902591705322266,0.0,0.0,-0.04,0.04
1.0005278587341309,-0.01,0.01,0.0,0.01
1.012624979019165,-0.01,0.0,0.03,0.03
1.0203208923339844,0.0,0.01,0.05,0.05
1.0305471420288086,-0.01,0.0,0.05,0.05
1.0407390594482422,-0.01,0.01,0.04,0.04
1.0522818565368652,-0.01,0.01,0.0,0.01
1.0619940757751465,-0.01,-0.01,-0.03,0.03
1.071977138519287,-0.01,-0.01,0.01,0.01
1.0825300216674805,0.01,-0.02,0.02,0.03
1.0898208618164062,0.0,-0.01,0.0,0.01
1.1017069816589355,0.01,-0.01,0.0,0.01
1.1119771003723145,-0.01,0.0,0.05,0.05
1.121614933013916,-0.01,0.0,0.0,0.01
1.1312060356140137,-0.01,0.01,-0.01,0.01
1.1394190788269043,-0.01,0.01,0.07,0.07
1.149806022644043,0.0,0.02,0.02,0.02
1.1617779731750488,-0.02,0.0,-0.16,0.16
1.171875,0.01,0.0,0.02,0.02
1.183772087097168,-0.01,-0.01,0.07,0.07
1.1889228820800781,0.02,-0.02,-0.03,0.04
1.1989331245422363,-0.01,0.01,0.08,0.08
1.2105820178985596,-0.02,0.01,-0.09,0.09
1.2200021743774414,0.0,0.01,-0.01,0.01
1.2329730987548828,-0.02,0.0,0.01,0.02
1.2386598587036133,-0.01,-0.01,-0.1,0.1
1.250458002090454,-0.01,-0.02,-0.03,0.03
1.2608041763305664,-0.01,-0.03,0.04,0.05
1.2699289321899414,-0.01,-0.02,0.02,0.03
1.2783761024475098,0.0,0.0,0.01,0.01
1.2908260822296143,0.0,0.0,-0.03,0.03
1.3009049892425537,-0.01,0.02,0.06,0.06
1.3102679252624512,-0.01,0.02,0.07,0.07
1.3204689025878906,0.0,0.02,-0.06,0.06
1.327820062637329,-0.02,0.01,-0.04,0.04
1.340752124786377,-0.01,0.0,-0.01,0.01
1.347614049911499,-0.01,-0.01,-0.06,0.06
1.3601350784301758,-0.02,-0.03,-0.1,0.1
1.3705458641052246,0.0,-0.02,-0.05,0.05
1.3806829452514648,-0.01,-0.02,-0.02,0.03
1.390425205230713,0.01,-0.01,-0.04,0.04
1.3996520042419434,0.0,0.01,0.0,0.01
1.4092280864715576,0.0,0.01,0.02,0.02
1.420011043548584,0.0,0.0,-0.11,0.11
1.4304380416870117,-0.02,0.01,0.15,0.15
1.4375638961791992,-0.01,-0.01,0.01,0.01
1.4475140571594238,-0.01,-0.01,-0.09,0.09
1.4593050479888916,-0.01,-0.01,0.0,0.01
1.4688880443572998,-0.01,0.01,0.01,0.01
1.4794070720672607,0.0,0.0,-0.08,0.08
1.486746072769165,0.0,0.0,-0.03,0.03
1.4976279735565186,-0.01,0.01,0.06,0.06
1.5096290111541748,-0.01,0.0,-0.05,0.05
1.517024040222168,0.0,0.0,-0.05,0.05
1.5273220539093018,-0.01,-0.01,0.02,0.02
1.5387721061706543,-0.01,-0.01,0.0,0.01
1.5487709045410156,-0.01,0.0,-0.07,0.07
1.558500051498413,0.0,0.0,0.0,0.0
1.5683598518371582,0.0,0.0,0.02,0.02
1.580416202545166,-0.01,-0.01,-0.04,0.04
1.5862820148468018,0.0,-0.01,-0.03,0.03
1.5964531898498535,0.0,-0.01,0.0,0.01
1.6086769104003906,-0.01,-0.01,-0.06,0.06
1.6179399490356445,0.0,-0.01,-0.19,0.19
1.6297240257263184,-0.02,0.01,0.16,0.16
1.6360599994659424,-0.01,-0.01,0.1,0.1
1.6480441093444824,0.0,0.0,-0.12,0.12
1.657771110534668,0.01,0.01,-0.01,0.01
1.6678030490875244,-0.01,0.01,0.1,0.1
1.6789989471435547,0.0,0.0,-0.09,0.09
1.6855189800262451,0.0,-0.01,-0.14,0.14
1.6954388618469238,-0.01,-0.01,0.0,0.01
1.7080140113830566,-0.02,-0.01,0.05,0.05
1.7174491882324219,-0.01,-0.01,-0.06,0.06
1.728869915008545,-0.01,0.01,0.02,0.02
1.7351231575012207,0.04,0.0,-0.06,0.07
1.747847080230713,0.01,0.02,-0.03,0.03
1.757354974746704,-0.03,0.02,0.05,0.06
1.767402172088623,0.51,0.14,0.0,0.52
1.7779021263122559,1.27,0.29,-0.41,1.36
1.785094976425171,1.97,0.37,0.2,2.01
1.7955470085144043,3.18,0.58,0.32,3.24
1.8076891899108887,2.81,0.5,0.17,2.85
1.8170990943908691,1.33,-0.52,0.19,1.44
1.828207015991211,0.44,-2.36,0.28,2.41
1.8345770835876465,0.0,-3.42,0.12,3.42
1.8445019721984863,-0.23,-2.7,-0.04,2.71
1.8576390743255615,0.0,-0.77,0.13,0.78
1.8665452003479004,-0.12,-0.04,0.9,0.9
1.8767871856689453,-0.51,-0.48,0.08,0.7
1.8843750953674316,-0.88,-0.78,0.26,1.2
1.894507884979248,-1.02,-0.83,1.13,1.73
1.9047350883483887,-0.27,-1.1,-0.25,1.15
1.9162778854370117,0.39,-1.11,-0.69,1.36
1.9273419380187988,0.07,-0.98,-0.48,1.09
1.9340879917144775,0.03,-0.65,0.12,0.66
1.9445281028747559,-0.29,-0.38,0.71,0.85
1.9566500186920166,-0.58,0.17,0.71,0.93
1.9658989906311035,-1.05,0.95,2.38,2.76
1.975266933441162,-1.38,2.01,4.01,4.69
1.9836411476135254,-1.45,2.95,4.7,5.73
1.9937210083007812,-1.63,3.27,5.04,6.22
2.003818988800049,-1.55,2.71,5.13,6.0
2.016322135925293,-1.89,1.8,4.36,5.08
2.0255141258239746,-1.76,0.99,3.32,3.88
2.033370018005371,-1.89,0.54,2.02,2.81
2.043390989303589,-2.23,0.1,1.16,2.51
2.0567150115966797,-2.33,-0.23,0.19,2.34
2.063124179840088,-2.15,-0.27,-1.54,2.65
2.073544979095459,-2.32,-0.23,-2.7,3.56
2.0830821990966797,-1.91,-0.3,-2.93,3.51
2.0929460525512695,-1.38,-0.24,-3.32,3.6
2.1054821014404297,-1.34,0.35,-3.33,3.6
2.1151680946350098,-1.24,1.16,-2.36,2.9
2.125649929046631,-1.11,1.37,-1.49,2.3
2.1333930492401123,-1.15,0.3,0.61,1.33
2.142587184906006,-1.26,-0.79,2.03,2.51
2.1558539867401123,-1.55,-1.19,2.45,3.13
2.1649398803710938,-1.91,-1.18,2.84,3.62
2.175652027130127,-1.56,-0.23,2.45,2.91
2.182422161102295,-1.83,0.34,1.46,2.36
2.196381092071533,-1.71,-0.25,0.55,1.81
2.202327013015747,-1.38,-0.12,-0.63,1.52
2.214670181274414,-2.07,0.33,-0.75,2.22
2.226785182952881,-1.06,-0.49,0.52,1.27
2.2319459915161133,-1.08,0.02,0.62,1.24
2.2418010234832764,-0.74,-0.18,0.22,0.79
2.2549049854278564,-0.26,-0.01,0.03,0.26
2.2621641159057617,0.33,-0.28,-0.28,0.51
2.2718679904937744,0.26,-0.53,-0.59,0.83
2.281702995300293,0.03,-0.89,-1.11,1.42
2.2954611778259277,-0.38,-1.11,-0.89,1.47
2.303924083709717,-0.36,-1.12,-0.21,1.19
2.313511848449707,-0.54,-0.65,0.39,0.93
2.3224949836730957,-0.84,-0.2,-0.14,0.87
2.3315670490264893,-1.08,-0.28,-0.2,1.13
2.345731019973755,-0.9,-0.58,0.06,1.07
2.3511948585510254,-1.11,-0.27,-0.02,1.14
2.36318302154541,-0.89,0.24,-0.45,1.02
2.373481035232544,-0.8,0.69,-0.78,1.31
2.3808059692382812,-0.44,0.95,-0.48,1.15
2.3960509300231934,-0.42,1.02,-0.56,1.23
2.403182029724121,-0.37,0.29,-0.07,0.47
2.4108691215515137,-0.14,0.12,-0.03,0.18
2.4209940433502197,-0.25,0.58,-0.68,0.92
2.430891990661621,-0.18,0.33,-0.24,0.44
2.443444013595581,-0.03,-0.44,0.69,0.81
2.4531350135803223,-0.09,-0.58,0.67,0.89
2.4626479148864746,-0.07,-0.29,0.35,0.45
2.4746479988098145,-0.06,-0.22,0.04,0.23
2.480175018310547,-0.06,-0.18,-0.62,0.64
2.4914698600769043,-0.06,-0.29,-1.28,1.31
2.503129005432129,-0.03,-0.28,-1.77,1.79
2.5100550651550293,0.01,-0.3,-1.94,1.96
2.5203850269317627,-0.02,-0.3,-1.61,1.63
2.5301120281219482,-0.01,-0.22,-1.13,1.15
2.5402650833129883,-0.01,0.1,-0.88,0.88
2.5522499084472656,-0.06,-0.03,-0.73,0.73
2.5617709159851074,-0.06,0.03,-0.69,0.69
2.574460029602051,-0.08,0.01,-0.45,0.45
2.579585075378418,-0.09,0.03,0.12,0.15
2.590851068496704,-0.09,0.01,0.69,0.69
2.5998940467834473,-0.1,0.03,1.34,1.34
2.6118650436401367,-0.12,0.0,1.98,1.98
2.621345043182373,-0.12,-0.01,2.39,2.39
2.629378080368042,-0.17,0.02,2.57,2.57
2.6427950859069824,-0.14,0.0,2.48,2.48
2.6513960361480713,-0.13,0.05,2.12,2.12
2.660996913909912,-0.21,0.0,1.36,1.37
2.671924114227295,-0.16,0.04,0.39,0.42
2.679069995880127,-0.05,0.0,-0.15,0.15
2.6927740573883057,-0.08,0.01,-0.21,0.22
2.699190139770508,-0.15,-0.01,0.02,0.15
2.7129390239715576,-0.09,0.03,0.31,0.32
2.722227096557617,-0.09,0.03,0.67,0.67
2.7288079261779785,-0.24,0.01,0.99,1.01
2.742112159729004,-0.06,0.08,1.29,1.29
2.751175880432129,-0.14,-0.03,1.27,1.27
2.760435104370117,-0.2,0.05,1.0,1.02
2.7712810039520264,-0.18,-0.01,0.64,0.66
2.77838397026062,-0.09,0.03,0.33,0.34
2.7923779487609863,-0.19,0.02,0.19,0.26
2.7985758781433105,-0.25,0.18,-0.11,0.32
2.812735080718994,-0.07,0.22,-1.35,1.36
2.8229899406433105,0.02,0.29,-1.02,1.06
2.8281350135803223,-0.22,0.62,0.34,0.74
2.8420958518981934,-0.44,1.13,1.56,1.97
2.8482871055603027,-0.34,1.12,2.0,2.31
2.860349178314209,-0.54,0.76,2.08,2.27
2.87113094329834,-0.56,0.23,1.65,1.75
2.877470016479492,-0.26,-0.39,0.77,0.9
2.8924620151519775,-0.27,-0.66,0.5,0.87
2.8973541259765625,-0.65,-0.32,0.93,1.17
2.9101359844207764,-0.43,-0.28,0.93,1.06
2.920219898223877,-0.23,-0.2,0.62,0.69
2.9273390769958496,-0.2,-0.14,-1.33,1.35
2.946627140045166,-0.19,-0.07,-2.56,2.56
2.951033115386963,-0.41,0.12,-1.71,1.76
2.9573919773101807,-0.78,0.49,-2.11,2.3
2.9671430587768555,-1.17,0.43,-1.27,1.77
2.977187156677246,-1.5,0.17,-0.62,1.63
2.9892830848693848,-1.64,0.09,-0.61,1.75
2.9989728927612305,-1.53,0.44,-0.73,1.75
3.0086889266967773,1.4,0.97,-1.62,2.35
3.0193140506744385,1.32,0.52,-0.79,1.62
3.026555061340332,0.51,-0.29,-0.06,0.58
3.036963939666748,-0.13,-1.01,0.67,1.21
3.04872989654541,-0.14,-1.44,1.2,1.87
3.0565948486328125,-0.2,-1.18,1.71,2.08
3.0666019916534424,-0.78,-0.75,1.86,2.15
3.0763440132141113,-0.95,0.05,1.0,1.38
3.0868921279907227,-1.27,0.04,0.48,1.35
3.0984280109405518,-1.85,-0.46,0.71,2.03
3.1085681915283203,-2.31,-0.64,0.87,2.55
3.121568202972412,-1.32,-0.85,0.54,1.66
3.1258530616760254,-0.03,-0.66,-0.01,0.66
3.146373987197876,-0.16,-0.47,0.29,0.57
3.150681972503662,-0.03,-0.34,0.54,0.63
3.156306028366089,0.09,-0.51,0.86,1.0
3.1658170223236084,-0.16,-0.49,1.31,1.4
3.1777548789978027,-0.27,-0.34,1.88,1.92
3.186008930206299,0.04,-0.42,2.14,2.18
3.1976919174194336,0.36,-0.23,2.39,2.42
3.207987070083618,0.15,0.51,4.08,4.11
3.2201008796691895,0.33,0.72,4.75,4.81
3.2253730297088623,0.41,0.29,4.11,4.14
3.247742176055908,0.58,0.98,4.51,4.65
3.251542091369629,0.62,1.4,4.1,4.37
3.256883144378662,0.58,1.41,3.36,3.68
3.2659590244293213,0.54,1.03,2.85,3.07
3.277714967727661,2.33,-3.88,-17.57,18.14
3.285183906555176,1.19,-0.5,1.08,1.68
3.2970850467681885,0.19,0.1,0.55,0.59
3.307927131652832,0.26,-0.05,2.43,2.44
3.319242000579834,0.43,-0.07,-2.16,2.2
3.324471950531006,0.49,0.02,-0.57,0.75
3.334665060043335,0.44,-0.12,2.15,2.19
3.3466711044311523,0.18,-0.01,-0.91,0.92
3.3546671867370605,0.54,0.36,-1.31,1.46
3.364333152770996,0.95,1.5,0.96,2.01
3.374829053878784,0.7,1.51,0.67,1.79
3.3871350288391113,0.86,1.27,-1.34,2.03
3.394207000732422,0.72,1.14,0.16,1.35
3.406857967376709,0.93,0.26,0.76,1.22
3.4187111854553223,0.57,-0.62,-0.55,1.0
3.423811912536621,0.3,-0.34,-0.41,0.61
3.434295177459717,0.29,-0.47,0.6,0.81
3.4457290172576904,-0.2,-1.31,-0.05,1.32
3.4561381340026855,0.1,-0.84,-0.57,1.02
3.467104911804199,0.52,-0.29,0.24,0.64
3.4737319946289062,-0.11,-1.05,0.15,1.06
3.483625888824463,-0.36,-0.99,-0.42,1.13
3.493896961212158,-0.25,-0.69,-0.05,0.73
3.5062179565429688,0.09,-0.38,0.27,0.47
3.521397113800049,0.21,-0.23,-0.18,0.35
3.522984027862549,0.48,-0.36,-0.2,0.63
3.5466551780700684,0.42,-0.1,0.09,0.44
3.551506996154785,-0.13,0.58,0.1,0.6
3.5557661056518555,0.43,-0.15,-0.21,0.5
3.56312894821167,0.35,-0.04,-0.1,0.36
3.576846122741699,0.35,-0.05,0.16,0.38
3.5831351280212402,0.35,-0.06,-0.07,0.36
3.5945801734924316,0.37,-0.07,-0.19,0.42
3.605134963989258,0.37,-0.06,0.02,0.37
3.6168010234832764,0.35,-0.06,0.07,0.36
3.622526168823242,0.36,-0.06,-0.09,0.37
3.63240385055542,0.37,-0.03,-0.08,0.37
3.644752025604248,0.35,-0.03,-0.01,0.35
3.6550278663635254,0.35,-0.04,-0.08,0.36
3.6665239334106445,0.34,-0.05,-0.08,0.35
3.672168016433716,0.34,-0.06,0.01,0.34
3.6846518516540527,0.33,-0.07,0.0,0.33
3.6938581466674805,0.34,-0.07,-0.08,0.35
3.704558849334717,0.35,-0.06,0.0,0.35
3.71530818939209,0.35,-0.05,-0.05,0.35
3.7216968536376953,0.35,-0.05,-0.1,0.36
3.7319700717926025,0.36,-0.05,-0.02,0.36
3.744248867034912,0.34,-0.04,-0.01,0.34
3.754331111907959,0.36,-0.05,-0.05,0.36
3.7652511596679688,0.35,-0.05,-0.08,0.36
3.7715821266174316,0.35,-0.06,0.0,0.35
3.783790111541748,0.34,-0.07,-0.04,0.34
3.793308973312378,0.35,-0.06,-0.1,0.36
3.8034348487854004,0.34,-0.06,0.0,0.34
3.8153228759765625,0.33,-0.05,-0.01,0.33
3.821160078048706,0.35,-0.04,-0.09,0.36
3.831137180328369,0.36,-0.05,-0.07,0.37
3.843474864959717,0.35,-0.05,-0.03,0.35
3.852569103240967,0.35,-0.06,-0.03,0.35
3.862797975540161,0.35,-0.06,-0.06,0.36
3.8706889152526855,0.34,-0.06,-0.05,0.34
3.8808841705322266,0.34,-0.05,-0.03,0.34
3.892238140106201,0.34,-0.05,-0.03,0.34
3.903226852416992,0.34,-0.06,-0.05,0.34
3.917203903198242,0.35,-0.04,-0.04,0.35
3.9204599857330322,0.35,-0.04,-0.03,0.35
3.930734157562256,0.35,-0.05,-0.05,0.35
3.943140983581543,0.34,-0.05,-0.06,0.34
3.951817035675049,0.34,-0.05,-0.05,0.34
3.9621260166168213,0.35,-0.05,-0.02,0.35
3.969848155975342,0.34,-0.06,-0.03,0.34
3.980320930480957,0.34,-0.06,-0.04,0.34
3.9927639961242676,0.34,-0.04,-0.05,0.34
3.9999899864196777,0.34,-0.04,-0.06,0.34
4.010270118713379,0.33,-0.05,-0.05,0.33
4.020124912261963,0.34,-0.05,-0.06,0.34
4.031455993652344,0.34,-0.05,-0.04,0.34
4.042089939117432,0.34,-0.06,-0.03,0.34
4.051423072814941,0.34,-0.07,-0.04,0.34
4.067878007888794,0.34,-0.06,-0.06,0.35
4.069281101226807,0.35,-0.05,-0.05,0.35
4.079462051391602,0.34,-0.05,-0.04,0.34
4.089835166931152,0.33,-0.05,-0.05,0.33
4.101985931396484,0.35,-0.04,-0.04,0.35
4.111435890197754,0.34,-0.06,-0.04,0.34
4.118833065032959,0.34,-0.06,-0.04,0.34
4.1289191246032715,0.34,-0.06,-0.05,0.34
4.140552043914795,0.34,-0.06,-0.05,0.34
4.151279926300049,0.34,-0.04,-0.04,0.34
4.1642420291900635,0.34,-0.05,-0.03,0.34
4.168703079223633,0.33,-0.05,-0.04,0.33
4.178930997848511,0.34,-0.06,-0.05,0.34
4.191582202911377,0.33,-0.05,-0.04,0.33
4.198770046234131,0.34,-0.05,-0.04,0.34
4.20878791809082,0.34,-0.06,-0.05,0.34
4.218970060348511,0.33,-0.05,-0.05,0.33
4.2305731773376465,0.33,-0.05,-0.04,0.33
4.2404351234436035,0.34,-0.05,-0.04,0.34
4.249499082565308,0.34,-0.05,-0.04,0.34
4.2631120681762695,0.33,-0.05,-0.05,0.33
4.267904996871948,0.33,-0.06,-0.03,0.33
4.278036117553711,0.34,-0.06,-0.04,0.34
4.290076017379761,0.34,-0.06,-0.06,0.35
4.299910068511963,0.34,-0.05,-0.06,0.34
4.311936855316162,0.33,-0.05,-0.04,0.33
4.31771993637085,0.34,-0.06,-0.05,0.34
4.330099105834961,0.33,-0.05,-0.04,0.33
4.339274883270264,0.33,-0.04,-0.04,0.33
4.3492090702056885,0.33,-0.05,-0.04,0.33
4.360733985900879,0.33,-0.04,-0.05,0.33
4.367106914520264,0.33,-0.05,-0.04,0.33
4.377016067504883,0.33,-0.05,-0.03,0.33
4.388822078704834,0.33,-0.05,-0.04,0.33
4.398962020874023,0.33,-0.06,-0.04,0.33
4.411221981048584,0.33,-0.04,-0.05,0.33
4.416798114776611,0.33,-0.05,-0.04,0.33
4.426848888397217,0.33,-0.06,-0.04,0.33
4.439090013504028,0.33,-0.05,-0.04,0.33
4.4488420486450195,0.33,-0.04,-0.03,0.33
4.4600701332092285,0.33,-0.05,-0.04,0.33
4.466340065002441,0.33,-0.06,-0.05,0.33
4.476705074310303,0.33,-0.05,-0.04,0.33
4.488728046417236,0.33,-0.04,-0.05,0.33
4.498363971710205,0.33,-0.05,-0.04,0.33
4.50960898399353,0.33,-0.04,-0.04,0.33
4.516134023666382,0.33,-0.05,-0.03,0.33
4.5259339809417725,0.33,-0.05,-0.04,0.33
4.537721157073975,0.33,-0.05,-0.04,0.33
4.547569990158081,0.33,-0.05,-0.04,0.33
4.561524868011475,0.33,-0.05,-0.03,0.33
4.565989971160889,0.33,-0.06,-0.04,0.33
4.576251983642578,0.33,-0.05,-0.04,0.33
4.587393045425415,0.33,-0.05,-0.04,0.33
4.598438024520874,0.32,-0.05,-0.05,0.32
4.612918853759766,0.33,-0.05,-0.05,0.33
4.615509986877441,0.33,-0.06,-0.04,0.33
4.625923156738281,0.33,-0.05,-0.05,0.33
4.637091159820557,0.33,-0.05,-0.05,0.33
4.646754026412964,0.33,-0.05,-0.05,0.33
4.663532972335815,0.32,-0.06,-0.04,0.32
4.664769172668457,0.32,-0.06,-0.04,0.32
4.675270080566406,0.32,-0.06,-0.04,0.32
4.68720006942749,0.32,-0.06,-0.03,0.32
4.696835994720459,0.32,-0.05,-0.04,0.32
4.70810604095459,0.32,-0.05,-0.05,0.32
4.715094089508057,0.32,-0.05,-0.05,0.32
4.725959062576294,0.32,-0.05,-0.05,0.32
4.7378411293029785,0.33,-0.06,-0.03,0.33
4.746459007263184,0.32,-0.05,-0.03,0.32
4.754919052124023,0.33,-0.04,-0.03,0.33
4.764739990234375,0.32,-0.05,-0.04,0.32
4.777811050415039,0.32,-0.05,-0.05,0.32
4.783109188079834,0.32,-0.05,-0.04,0.32
4.79285192489624,0.32,-0.05,-0.04,0.32
4.805891990661621,0.32,-0.05,-0.04,0.32
4.811413049697876,0.32,-0.05,-0.03,0.32
4.823019027709961,0.32,-0.05,-0.03,0.32
4.833556175231934,0.32,-0.05,-0.05,0.32
4.8434319496154785,0.32,-0.05,-0.06,0.32
4.858880043029785,0.32,-0.05,-0.04,0.32
4.861036062240601,0.32,-0.05,-0.03,0.32
4.875078201293945,0.32,-0.05,-0.05,0.32
4.881257057189941,0.32,-0.05,-0.05,0.32
4.893324851989746,0.32,-0.05,-0.02,0.32
4.907639026641846,0.32,-0.05,-0.05,0.32
4.910588979721069,0.32,-0.06,-0.05,0.32
4.921210050582886,0.32,-0.05,-0.02,0.32
4.932755947113037,0.32,-0.05,-0.03,0.32
4.9427080154418945,0.32,-0.05,-0.05,0.32
4.952701091766357,0.31,-0.04,-0.04,0.31
4.960620880126953,0.32,-0.06,-0.03,0.32
4.9710001945495605,0.31,-0.06,-0.05,0.31
4.982825040817261,0.32,-0.05,-0.04,0.32
4.991325855255127,0.32,-0.05,-0.04,0.32
5.002156972885132,0.32,-0.05,-0.04,0.32
5.0103631019592285,0.32,-0.05,-0.05,0.32
5.022765159606934,0.32,-0.05,-0.04,0.32
5.032500982284546,0.31,-0.05,-0.04,0.31
5.042116165161133,0.32,-0.05,-0.05,0.32
5.05328893661499,0.32,-0.05,-0.04,0.32
5.059550046920776,0.32,-0.05,-0.04,0.32
5.072736978530884,0.31,-0.06,-0.05,0.31
5.081606864929199,0.32,-0.06,-0.05,0.32
5.091364860534668,0.31,-0.05,-0.04,0.31
5.1018571853637695,0.31,-0.04,-0.04,0.31
5.109338045120239,0.31,-0.05,-0.05,0.31
5.119910001754761,0.32,-0.05,-0.05,0.32
5.131298065185547,0.32,-0.05,-0.04,0.32
5.141394138336182,0.32,-0.05,-0.05,0.32
5.154923915863037,0.31,-0.05,-0.04,0.31
5.158793926239014,0.31,-0.05,-0.04,0.31
5.169321060180664,0.32,-0.05,-0.04,0.32
5.181437969207764,0.31,-0.06,-0.05,0.31
5.190798997879028,0.31,-0.06,-0.04,0.31
5.204142093658447,0.31,-0.05,-0.04,0.31
5.20876407623291,0.32,-0.05,-0.05,0.32
5.218647003173828,0.32,-0.05,-0.05,0.32
5.229851007461548,0.32,-0.05,-0.05,0.32
5.2399091720581055,0.32,-0.05,-0.05,0.32
5.255141973495483,0.32,-0.05,-0.03,0.32
5.258710861206055,0.32,-0.06,-0.05,0.32
5.270892143249512,0.31,-0.05,-0.04,0.31
5.283133029937744,0.31,-0.04,-0.04,0.31
5.293200969696045,0.31,-0.05,-0.05,0.31
5.307514190673828,0.32,-0.05,-0.04,0.32
5.310873031616211,0.32,-0.06,-0.04,0.32
5.32097601890564,0.32,-0.05,-0.04,0.32
5.33263897895813,0.31,-0.05,-0.04,0.31
5.341987133026123,0.31,-0.05,-0.04,0.31
5.353577136993408,0.31,-0.05,-0.04,0.31
5.360567092895508,0.31,-0.05,-0.04,0.31
5.372951984405518,0.31,-0.04,-0.04,0.31
5.382014036178589,0.31,-0.05,-0.04,0.31
5.392459869384766,0.32,-0.05,-0.03,0.32
5.406443119049072,0.32,-0.05,-0.03,0.32
5.410104990005493,0.31,-0.05,-0.04,0.31
5.420393943786621,0.31,-0.04,-0.03,0.31
5.432518005371094,0.31,-0.05,-0.04,0.31
5.441212177276611,0.31,-0.05,-0.04,0.31
5.455281972885132,0.31,-0.05,-0.03,0.31
5.4597601890563965,0.31,-0.05,0.0,0.31
5.470211029052734,0.3,-0.03,-0.07,0.3
5.481950044631958,0.33,-0.05,-0.1,0.34
5.491901874542236,0.31,-0.05,0.03,0.31
5.503292083740234,0.31,-0.05,-0.02,0.31
5.509513854980469,0.31,-0.06,-0.08,0.32
5.5293378829956055,0.31,-0.04,-0.05,0.31
5.532628059387207,0.31,-0.05,0.01,0.31
5.539318084716797,0.31,-0.05,-0.08,0.32
5.549469947814941,0.31,-0.06,-0.05,0.31
5.559338092803955,0.3,-0.05,0.01,0.3
5.5719029903411865,0.31,-0.05,-0.04,0.31
5.581231117248535,0.31,-0.06,-0.09,0.32
5.591111183166504,0.3,-0.05,-0.02,0.3
5.603348970413208,0.3,-0.05,0.0,0.3
5.608850002288818,0.3,-0.05,-0.07,0.31
5.628815174102783,0.31,-0.05,-0.05,0.31
5.633591175079346,0.3,-0.06,-0.01,0.3
5.641977071762085,0.31,-0.06,-0.05,0.31
5.651509046554565,0.31,-0.04,-0.06,0.31
5.658334970474243,0.3,-0.05,-0.02,0.3
5.6688010692596436,0.3,-0.04,-0.04,0.3
5.680665016174316,0.3,-0.05,-0.07,0.31
5.69042706489563,0.3,-0.05,-0.03,0.3
5.7010979652404785,0.3,-0.05,-0.02,0.3
5.70835018157959,0.3,-0.06,-0.05,0.31
5.718033075332642,0.31,-0.05,-0.04,0.31
5.730423927307129,0.3,-0.05,-0.03,0.3
5.739975929260254,0.3,-0.05,-0.05,0.3
5.751349925994873,0.3,-0.05,-0.05,0.3
5.757893085479736,0.31,-0.05,-0.04,0.31
5.770140171051025,0.3,-0.04,-0.04,0.3
5.77961802482605,0.3,-0.05,-0.05,0.3
5.789777994155884,0.3,-0.05,-0.03,0.3
5.800981044769287,0.3,-0.05,-0.03,0.3
5.807646989822388,0.31,-0.05,-0.06,0.31
5.81743597984314,0.31,-0.05,-0.04,0.31
5.830250978469849,0.3,-0.05,-0.03,0.3
5.839187145233154,0.3,-0.05,-0.04,0.3
5.85181188583374,0.3,-0.05,-0.04,0.3
5.857402086257935,0.3,-0.04,-0.03,0.3
5.869819164276123,0.3,-0.05,-0.03,0.3
5.879340171813965,0.31,-0.05,-0.04,0.31
5.890168190002441,0.3,-0.06,-0.04,0.3
5.901615142822266,0.29,-0.05,-0.03,0.29
5.906674861907959,0.29,-0.05,-0.04,0.29
5.9194488525390625,0.3,-0.06,-0.03,0.3
5.928018093109131,0.3,-0.06,-0.04,0.3
5.938585996627808,0.3,-0.06,-0.05,0.31
5.950392007827759,0.3,-0.05,-0.03,0.3
5.955976963043213,0.3,-0.05,-0.03,0.3
5.966198921203613,0.3,-0.04,-0.05,0.3
5.978172063827515,0.3,-0.05,-0.04,0.3
5.987378120422363,0.3,-0.04,-0.04,0.3
5.999917984008789,0.3,-0.05,-0.03,0.3
6.005871057510376,0.3,-0.05,-0.04,0.3
6.015990972518921,0.3,-0.05,-0.04,0.3
6.026870012283325,0.3,-0.05,-0.04,0.3
6.037446022033691,0.3,-0.05,-0.06,0.31
6.052061080932617,0.3,-0.05,-0.05,0.3
6.055595874786377,0.3,-0.04,-0.03,0.3
6.0659499168396,0.29,-0.04,-0.03,0.29
6.077919960021973,0.29,-0.05,-0.04,0.29
6.088932037353516,0.3,-0.05,-0.05,0.3
6.099113941192627,0.3,-0.04,-0.04,0.3
6.105242013931274,0.3,-0.04,-0.05,0.3
6.115126132965088,0.3,-0.05,-0.05,0.3
6.126342058181763,0.3,-0.05,-0.05,0.3
6.13711404800415,0.3,-0.05,-0.06,0.31
6.15077805519104,0.29,-0.05,-0.06,0.3
6.154827117919922,0.3,-0.05,-0.05,0.3
6.165223121643066,0.3,-0.04,-0.06,0.3
6.176429033279419,0.3,-0.05,-0.05,0.3
6.186956882476807,0.3,-0.05,-0.06,0.31
6.201627016067505,0.3,-0.04,-0.05,0.3
6.204710006713867,0.29,-0.05,-0.05,0.29
6.214680194854736,0.3,-0.05,-0.05,0.3
6.226468086242676,0.29,-0.05,-0.06,0.3
6.235897064208984,0.29,-0.05,-0.06,0.3
6.246985912322998,0.29,-0.05,-0.06,0.3
6.254836082458496,0.3,-0.04,-0.05,0.3
6.266540050506592,0.3,-0.05,-0.06,0.31
6.275844097137451,0.29,-0.04,-0.06,0.29
6.285080909729004,0.29,-0.04,-0.06,0.29
6.2961390018463135,0.29,-0.04,-0.07,0.3
6.303910970687866,0.29,-0.05,-0.07,0.3
6.314213037490845,0.3,-0.05,-0.05,0.3
6.325566053390503,0.3,-0.04,-0.06,0.3
6.336223125457764,0.29,-0.04,-0.07,0.3
6.3491270542144775,0.29,-0.04,-0.06,0.29
6.353609085083008,0.3,-0.05,-0.06,0.31
6.363986015319824,0.29,-0.04,-0.06,0.29
6.374834060668945,0.29,-0.04,-0.07,0.3
6.385164022445679,0.29,-0.05,-0.07,0.3
6.39657998085022,0.29,-0.04,-0.06,0.29
6.403240203857422,0.29,-0.05,-0.06,0.3
6.415565013885498,0.3,-0.04,-0.07,0.31
6.424606084823608,0.29,-0.04,-0.07,0.3
6.4349141120910645,0.29,-0.04,-0.06,0.29
6.445970058441162,0.29,-0.04,-0.06,0.29
6.452980041503906,0.28,-0.04,-0.07,0.29
6.463069915771484,0.29,-0.05,-0.07,0.3
6.475084066390991,0.29,-0.04,-0.06,0.29
6.484852075576782,0.29,-0.05,-0.07,0.3
6.4984400272369385,0.3,-0.05,-0.07,0.31
6.50263786315918,0.29,-0.04,-0.06,0.29
6.512448072433472,0.29,-0.05,-0.06,0.3
6.523982048034668,0.29,-0.05,-0.07,0.3
6.534140110015869,0.29,-0.05,-0.06,0.3
6.5456860065460205,0.3,-0.05,-0.06,0.31
6.552403926849365,0.29,-0.04,-0.08,0.3
6.562286853790283,0.29,-0.05,-0.07,0.3
6.573729991912842,0.29,-0.05,-0.06,0.3
6.582650184631348,0.28,-0.04,-0.07,0.29
6.5920491218566895,0.28,-0.05,-0.08,0.29
6.602353096008301,0.29,-0.04,-0.07,0.3
6.612375020980835,0.29,-0.05,-0.05,0.29
6.624222993850708,0.29,-0.05,-0.07,0.3
6.633974075317383,0.29,-0.04,-0.08,0.3
6.644739151000977,0.28,-0.04,-0.06,0.28
6.651520013809204,0.29,-0.04,-0.06,0.29
6.662026882171631,0.28,-0.04,-0.07,0.29
6.674143075942993,0.29,-0.04,-0.07,0.3
6.6824469566345215,0.29,-0.04,-0.07,0.3
6.691097021102905,0.29,-0.04,-0.07,0.3
6.701472043991089,0.28,-0.04,-0.06,0.28
6.713820934295654,0.29,-0.05,-0.05,0.29
6.723278999328613,0.29,-0.04,-0.07,0.3
6.732069969177246,0.29,-0.04,-0.07,0.3
6.742166042327881,0.29,-0.05,-0.07,0.3
6.750699996948242,0.29,-0.04,-0.07,0.3
6.761239051818848,0.29,-0.03,-0.06,0.29
6.773706912994385,0.28,-0.05,-0.07,0.29
6.780724048614502,0.28,-0.05,-0.07,0.29
6.791136980056763,0.28,-0.04,-0.07,0.29
6.802194118499756,0.28,-0.04,-0.07,0.29
6.812047004699707,0.28,-0.04,-0.07,0.29
6.823427200317383,0.29,-0.04,-0.07,0.3
6.833208084106445,0.28,-0.04,-0.06,0.28
6.848428010940552,0.28,-0.04,-0.06,0.28
6.850653171539307,0.29,-0.04,-0.07,0.3
6.862806081771851,0.28,-0.05,-0.06,0.29
6.87219500541687,0.28,-0.04,-0.06,0.28
6.881340980529785,0.28,-0.04,-0.06,0.28
6.893960952758789,0.28,-0.05,-0.07,0.29
6.899702072143555,0.28,-0.04,-0.07,0.29
6.910281181335449,0.29,-0.05,-0.07,0.3
6.922580003738403,0.28,-0.04,-0.06,0.28
6.9315409660339355,0.28,-0.04,-0.07,0.29
6.941663980484009,0.29,-0.04,-0.05,0.29
6.9495580196380615,0.28,-0.04,-0.06,0.28
6.959950923919678,0.28,-0.05,-0.06,0.29
6.971818923950195,0.28,-0.04,-0.06,0.28
6.981528043746948,0.28,-0.05,-0.07,0.29
6.993161201477051,0.28,-0.05,-0.06,0.29
6.999181032180786,0.28,-0.03,-0.05,0.28
7.009371995925903,0.29,-0.05,-0.06,0.3
7.021346092224121,0.28,-0.05,-0.06,0.29
7.031084060668945,0.28,-0.04,-0.05,0.28
7.040353059768677,0.28,-0.04,-0.06,0.28
7.048776149749756,0.29,-0.04,-0.06,0.29
7.059340953826904,0.29,-0.04,-0.07,0.3
7.0725929737091064,0.28,-0.05,-0.06,0.29
7.0810160636901855,0.28,-0.04,-0.05,0.28
7.093713045120239,0.27,-0.05,-0.07,0.28
7.098429203033447,0.27,-0.05,-0.06,0.28
7.108406066894531,0.29,-0.04,-0.06,0.29
7.121469974517822,0.28,-0.03,-0.05,0.28
7.128735065460205,0.28,-0.05,-0.06,0.29
7.138388156890869,0.28,-0.04,-0.06,0.28
7.148269176483154,0.28,-0.05,-0.06,0.29
7.160816192626953,0.28,-0.04,-0.06,0.28
7.170026063919067,0.28,-0.04,-0.05,0.28
7.179811954498291,0.28,-0.04,-0.06,0.28
7.191370010375977,0.28,-0.04,-0.06,0.28
7.19792103767395,0.28,-0.04,-0.06,0.28
7.20780611038208,0.28,-0.04,-0.06,0.28
7.220815181732178,0.28,-0.03,-0.05,0.28
7.229673862457275,0.28,-0.04,-0.05,0.28
7.240540981292725,0.28,-0.03,-0.06,0.28
7.247495174407959,0.27,-0.04,-0.05,0.27
7.258041858673096,0.28,-0.04,-0.06,0.28
7.268599987030029,0.28,-0.04,-0.06,0.28
7.279676914215088,0.27,-0.04,-0.06,0.27
7.292799949645996,0.28,-0.04,-0.05,0.28
7.297041893005371,0.28,-0.04,-0.06,0.28
7.307671070098877,0.27,-0.04,-0.05,0.27
7.319634914398193,0.28,-0.04,-0.05,0.28
7.328553199768066,0.28,-0.04,-0.06,0.28
7.337159156799316,0.28,-0.03,-0.05,0.28
7.347038984298706,0.27,-0.04,-0.05,0.27
7.358428001403809,0.27,-0.04,-0.05,0.27
7.369737148284912,0.28,-0.03,-0.05,0.28
7.378735065460205,0.27,-0.04,-0.06,0.27
7.387603998184204,0.27,-0.05,-0.05,0.27
7.396523952484131,0.27,-0.05,-0.05,0.27
7.40892219543457,0.27,-0.04,-0.06,0.27
7.4182281494140625,0.27,-0.04,-0.05,0.27
7.4275970458984375,0.27,-0.04,-0.05,0.27
7.439617156982422,0.27,-0.04,-0.05,0.27
7.44670295715332,0.27,-0.03,-0.05,0.27
7.459041118621826,0.27,-0.05,-0.04,0.27
7.468120098114014,0.27,-0.04,-0.06,0.27
7.477917194366455,0.27,-0.04,-0.05,0.27
7.490463018417358,0.27,-0.04,-0.04,0.27
7.495893955230713,0.27,-0.04,-0.05,0.27
7.50960898399353,0.28,-0.04,-0.05,0.28
7.517830848693848,0.27,-0.03,-0.05,0.27
7.52729606628418,0.27,-0.04,-0.05,0.27
7.537754058837891,0.27,-0.04,-0.05,0.27
7.5455920696258545,0.27,-0.04,-0.04,0.27
7.558012008666992,0.28,-0.04,-0.05,0.28
7.567010879516602,0.27,-0.04,-0.04,0.27
7.57715106010437,0.27,-0.04,-0.05,0.27
7.589509010314941,0.26,-0.03,-0.04,0.26
7.595057010650635,0.27,-0.03,-0.04,0.27
7.605247974395752,0.27,-0.04,-0.04,0.27
7.6164350509643555,0.27,-0.04,-0.04,0.27
7.627158164978027,0.27,-0.04,-0.06,0.27
7.644392013549805,0.27,-0.04,-0.05,0.27
7.645135879516602,0.27,-0.04,-0.04,0.27
7.6549248695373535,0.27,-0.04,-0.04,0.27
7.666903972625732,0.27,-0.04,-0.05,0.27
7.676466941833496,0.27,-0.04,-0.04,0.27
7.690578937530518,0.28,-0.04,-0.04,0.28
7.694794178009033,0.27,-0.04,-0.06,0.27
7.704920053482056,0.27,-0.03,-0.05,0.27
7.716486930847168,0.27,-0.04,-0.04,0.27
7.7257609367370605,0.27,-0.04,-0.04,0.27
7.7433671951293945,0.28,-0.03,-0.04,0.28
7.744395017623901,0.28,-0.03,-0.04,0.28
7.756447076797485,0.28,-0.04,-0.04,0.28
7.766191005706787,0.27,-0.04,-0.05,0.27
7.775820016860962,0.26,-0.04,-0.05,0.26
7.786394119262695,0.27,-0.03,-0.04,0.27
7.793879985809326,0.27,-0.04,-0.04,0.27
7.805729866027832,0.27,-0.04,-0.05,0.27
7.815551996231079,0.27,-0.04,-0.04,0.27
7.825865030288696,0.26,-0.04,-0.04,0.26
7.8436620235443115,0.27,-0.05,-0.04,0.27
7.844686031341553,0.27,-0.04,-0.03,0.27
7.853797912597656,0.27,-0.03,-0.04,0.27
7.865563869476318,0.27,-0.04,-0.03,0.27
7.875079154968262,0.27,-0.04,-0.05,0.27
7.885325908660889,0.26,-0.04,-0.04,0.26
7.893378019332886,0.27,-0.04,-0.03,0.27
7.903341054916382,0.27,-0.03,-0.05,0.27
7.914963006973267,0.27,-0.03,-0.04,0.27
7.925087928771973,0.27,-0.04,-0.03,0.27
7.935564994812012,0.27,-0.03,-0.04,0.27
7.942986011505127,0.26,-0.04,-0.03,0.26
7.9546380043029785,0.26,-0.04,-0.04,0.26
7.964328050613403,0.26,-0.04,-0.05,0.26
7.974634170532227,0.27,-0.04,-0.05,0.27
7.986236095428467,0.27,-0.03,-0.05,0.27
7.992377996444702,0.26,-0.05,-0.05,0.26
8.002409934997559,0.26,-0.04,-0.06,0.26
8.014922142028809,0.26,-0.03,-0.05,0.26
8.024971008300781,0.27,-0.04,-0.05,0.27
8.038541078567505,0.27,-0.04,-0.06,0.27
8.042078018188477,0.26,-0.04,-0.05,0.26
8.051882982254028,0.26,-0.04,-0.05,0.26
8.063332080841064,0.26,-0.04,-0.05,0.26
8.074006080627441,0.26,-0.05,-0.05,0.26
8.091567039489746,0.27,-0.04,-0.05,0.27
8.09260606765747,0.27,-0.04,-0.05,0.27
8.104575157165527,0.26,-0.03,-0.05,0.26
8.111877918243408,0.26,-0.04,-0.05,0.26
8.124484062194824,0.26,-0.03,-0.04,0.26
8.135532855987549,0.26,-0.04,-0.05,0.26
8.14149808883667,0.26,-0.04,-0.06,0.26
8.151304006576538,0.26,-0.03,-0.05,0.26
8.163408041000366,0.26,-0.04,-0.05,0.26
8.17267107963562,0.26,-0.04,-0.05,0.26
8.182676076889038,0.26,-0.04,-0.05,0.26
8.191320896148682,0.26,-0.04,-0.05,0.26
8.202489852905273,0.26,-0.04,-0.05,0.26
8.213186025619507,0.26,-0.03,-0.06,0.26
8.222020149230957,0.26,-0.03,-0.06,0.26
8.235179901123047,0.26,-0.04,-0.06,0.26
8.240699052810669,0.26,-0.04,-0.05,0.26
8.252495050430298,0.26,-0.04,-0.06,0.26
8.262448072433472,0.26,-0.04,-0.05,0.26
8.271943092346191,0.26,-0.04,-0.05,0.26
8.284709930419922,0.27,-0.04,-0.06,0.27
8.29059886932373,0.26,-0.03,-0.06,0.26
8.300777912139893,0.25,-0.04,-0.05,0.25
8.310697078704834,0.26,-0.03,-0.06,0.26
8.322269916534424,0.25,-0.03,-0.06,0.25
8.33269214630127,0.26,-0.03,-0.05,0.26
8.339954853057861,0.27,-0.04,-0.06,0.27
8.349796056747437,0.26,-0.04,-0.06,0.26
8.360612869262695,0.26,-0.04,-0.05,0.26
8.370990991592407,0.26,-0.04,-0.06,0.26
8.383729934692383,0.26,-0.03,-0.06,0.26
8.38935399055481,0.26,-0.03,-0.06,0.26
8.401444911956787,0.25,-0.05,-0.05,0.25
8.411252975463867,0.26,-0.03,-0.06,0.26
8.421268939971924,0.26,-0.04,-0.06,0.26
8.437045097351074,0.26,-0.05,-0.05,0.26
8.439296007156372,0.26,-0.03,-0.05,0.26
8.460169076919556,0.26,-0.03,-0.05,0.26
8.46216607093811,0.26,-0.04,-0.06,0.26
8.471482992172241,0.26,-0.04,-0.06,0.26
8.480144023895264,0.26,-0.03,-0.07,0.27
8.489076137542725,0.26,-0.03,-0.05,0.26
8.49918794631958,0.26,-0.03,-0.07,0.27
8.511268138885498,0.26,-0.04,-0.06,0.26
8.52111005783081,0.26,-0.03,-0.07,0.27
8.530864000320435,0.26,-0.03,-0.06,0.26
8.53890085220337,0.26,-0.04,-0.06,0.26
8.54905104637146,0.26,-0.05,-0.06,0.27
8.560986042022705,0.26,-0.03,-0.06,0.26
8.570746898651123,0.25,-0.03,-0.06,0.25
8.581077098846436,0.26,-0.04,-0.05,0.26
8.588795185089111,0.25,-0.03,-0.06,0.25
8.600642204284668,0.26,-0.03,-0.07,0.27
8.610174179077148,0.26,-0.03,-0.05,0.26
8.62105417251587,0.25,-0.04,-0.06,0.26
8.632138967514038,0.26,-0.03,-0.07,0.27
8.637855052947998,0.26,-0.03,-0.07,0.27
8.648187160491943,0.25,-0.03,-0.06,0.25
8.659430980682373,0.25,-0.03,-0.06,0.25
8.670467853546143,0.25,-0.04,-0.06,0.26
8.685522079467773,0.25,-0.03,-0.07,0.26
8.687685012817383,0.26,-0.03,-0.07,0.27
8.697770118713379,0.25,-0.04,-0.06,0.26
8.707912921905518,0.25,-0.04,-0.07,0.26
8.720105171203613,0.25,-0.03,-0.06,0.25
8.733439922332764,0.25,-0.03,-0.06,0.25
8.737450122833252,0.25,-0.04,-0.07,0.26
8.747414112091064,0.26,-0.04,-0.06,0.26
8.759440898895264,0.25,-0.04,-0.07,0.26
8.768414974212646,0.25,-0.04,-0.07,0.26
8.780577182769775,0.25,-0.05,-0.07,0.26
8.786833047866821,0.25,-0.03,-0.07,0.26
8.797003984451294,0.26,-0.03,-0.07,0.27
8.80843997001648,0.26,-0.03,-0.07,0.27
8.819772005081177,0.25,-0.04,-0.06,0.26
8.832150936126709,0.25,-0.04,-0.06,0.26
8.83691120147705,0.26,-0.03,-0.07,0.27
8.846781015396118,0.25,-0.04,-0.07,0.26
8.858227014541626,0.25,-0.04,-0.07,0.26
8.868680953979492,0.25,-0.03,-0.07,0.26
8.885004043579102,0.24,-0.04,-0.07,0.25
8.886200904846191,0.25,-0.04,-0.06,0.26
8.896265983581543,0.25,-0.03,-0.06,0.25
8.907798051834106,0.25,-0.03,-0.06,0.25
8.91728401184082,0.25,-0.03,-0.06,0.25
8.929831981658936,0.25,-0.04,-0.06,0.26
8.9359610080719,0.25,-0.04,-0.07,0.26
8.942864894866943,0.25,-0.04,-0.07,0.26
8.955000877380371,0.25,-0.04,-0.06,0.26
8.965327024459839,0.25,-0.03,-0.07,0.26
8.977807998657227,0.25,-0.03,-0.07,0.26
8.983185052871704,0.24,-0.04,-0.06,0.25
8.992854118347168,0.24,-0.04,-0.06,0.25
9.005923986434937,0.25,-0.03,-0.06,0.25
9.013809204101562,0.25,-0.03,-0.06,0.25
9.022755146026611,0.25,-0.04,-0.06,0.26
9.03265905380249,0.25,-0.04,-0.07,0.26
9.044543981552124,0.25,-0.03,-0.07,0.26
9.054908037185669,0.25,-0.04,-0.05,0.25
9.06446886062622,0.25,-0.03,-0.07,0.26
9.076847076416016,0.26,-0.04,-0.06,0.26
9.08208417892456,0.25,-0.04,-0.07,0.26
9.092113018035889,0.25,-0.03,-0.05,0.25
9.104603052139282,0.25,-0.04,-0.06,0.26
9.113888025283813,0.25,-0.04,-0.07,0.26
9.126566886901855,0.25,-0.03,-0.06,0.25
9.131594181060791,0.25,-0.03,-0.06,0.25
9.141852855682373,0.25,-0.03,-0.05,0.25
9.154597997665405,0.25,-0.04,-0.06,0.26
9.161545991897583,0.25,-0.04,-0.06,0.26
9.172075986862183,0.24,-0.03,-0.06,0.24
9.182142972946167,0.25,-0.04,-0.06,0.26
9.193787097930908,0.25,-0.05,-0.06,0.26
9.204048156738281,0.25,-0.04,-0.07,0.26
9.213778018951416,0.24,-0.03,-0.06,0.24
9.227407932281494,0.24,-0.04,-0.06,0.25
9.231287002563477,0.25,-0.04,-0.06,0.26
9.241384983062744,0.25,-0.04,-0.06,0.26
9.254150867462158,0.25,-0.03,-0.06,0.25
9.262897968292236,0.24,-0.03,-0.06,0.24
9.2708899974823,0.24,-0.03,-0.06,0.24
9.28080415725708,0.24,-0.04,-0.06,0.25
9.290884971618652,0.24,-0.04,-0.07,0.25
9.303194046020508,0.24,-0.04,-0.06,0.25
9.311805009841919,0.24,-0.04,-0.06,0.25
9.325675964355469,0.24,-0.04,-0.06,0.25
9.33081603050232,0.23,-0.03,-0.06,0.23
9.342663049697876,0.24,-0.03,-0.06,0.24
9.35156798362732,0.24,-0.03,-0.06,0.24
9.363111019134521,0.25,-0.04,-0.04,0.25
9.378525018692017,0.24,-0.03,-0.05,0.24
9.379986047744751,0.24,-0.03,-0.06,0.24
9.390680074691772,0.24,-0.03,-0.05,0.24
9.402728080749512,0.24,-0.04,-0.06,0.25
9.411745071411133,0.25,-0.04,-0.05,0.25
9.420352935791016,0.24,-0.04,-0.04,0.24
9.430041074752808,0.24,-0.03,-0.06,0.24
9.443420886993408,0.24,-0.02,-0.05,0.24
9.451428890228271,0.24,-0.04,-0.04,0.24
9.461514949798584,0.24,-0.04,-0.05,0.24
9.473112106323242,0.24,-0.03,-0.05,0.24
9.480002880096436,0.25,-0.03,-0.04,0.25
9.492103099822998,0.24,-0.02,-0.04,0.24
9.50117301940918,0.24,-0.04,-0.04,0.24
9.513317108154297,0.24,-0.02,-0.05,0.24
9.528984069824219,0.24,-0.03,-0.06,0.24
9.530609130859375,0.25,-0.03,-0.05,0.25
9.540893077850342,0.24,-0.03,-0.05,0.24
9.553847074508667,0.25,-0.04,-0.04,0.25
9.562836170196533,0.24,-0.03,-0.04,0.24
9.57411813735962,0.24,-0.04,-0.05,0.24
9.580459117889404,0.25,-0.04,-0.05,0.25
9.593060970306396,0.24,-0.03,-0.04,0.24
9.601988077163696,0.24,-0.03,-0.05,0.24
9.612444877624512,0.24,-0.04,-0.04,0.24
9.623090028762817,0.24,-0.03,-0.04,0.24
9.630172967910767,0.24,-0.03,-0.05,0.24
9.641972064971924,0.24,-0.03,-0.04,0.24
9.652288913726807,0.23,-0.03,-0.05,0.23
9.661884069442749,0.23,-0.03,-0.04,0.23
9.67424201965332,0.24,-0.04,-0.03,0.24
9.679617881774902,0.23,-0.04,-0.03,0.23
9.68978500366211,0.24,-0.02,-0.04,0.24
9.701783180236816,0.24,-0.04,-0.04,0.24
9.711236953735352,0.24,-0.04,-0.05,0.24
9.722600936889648,0.24,-0.03,-0.04,0.24
9.7293119430542,0.24,-0.03,-0.04,0.24
9.742196083068848,0.23,-0.04,-0.04,0.23
9.75120210647583,0.24,-0.04,-0.04,0.24
9.761360168457031,0.23,-0.03,-0.03,0.23
9.77104902267456,0.23,-0.03,-0.04,0.23
9.779024124145508,0.25,-0.04,-0.04,0.25
9.79085397720337,0.24,-0.04,-0.04,0.24
9.80109691619873,0.24,-0.03,-0.03,0.24
9.810690879821777,0.24,-0.04,-0.04,0.24
9.821248054504395,0.23,-0.03,-0.04,0.23
9.828600883483887,0.24,-0.03,-0.03,0.24
9.838561058044434,0.24,-0.03,-0.04,0.24
9.850664138793945,0.23,-0.03,-0.04,0.23
9.860321998596191,0.23,-0.03,-0.03,0.23
9.87230896949768,0.24,-0.03,-0.02,0.24
9.878304958343506,0.23,-0.03,-0.04,0.23
9.888612031936646,0.23,-0.04,-0.05,0.23
9.900515079498291,0.24,-0.04,-0.04,0.24
9.910585880279541,0.23,-0.03,-0.03,0.23
9.927824020385742,0.24,-0.03,-0.05,0.24
9.929058074951172,0.23,-0.03,-0.04,0.23
9.938773155212402,0.23,-0.03,-0.04,0.23
9.947587013244629,0.23,-0.04,-0.03,0.23
9.957437992095947,0.23,-0.03,-0.03,0.23
9.967895030975342,0.23,-0.03,-0.03,0.23
9.978731155395508,0.23,-0.03,-0.03,0.23
9.99022102355957,0.24,-0.03,-0.04,0.24
9.999839067459106,0.23,-0.04,-0.04,0.23
10.009101867675781,0.23,-0.04,-0.04,0.23
10.02408504486084,0.24,-0.02,-0.04,0.24
10.027348041534424,0.23,-0.03,-0.04,0.23
10.037296056747437,0.23,-0.04,-0.05,0.23
10.049390077590942,0.24,-0.04,-0.04,0.24
10.059504985809326,0.23,-0.03,-0.04,0.23
10.070094108581543,0.24,-0.03,-0.04,0.24
10.07689094543457,0.23,-0.03,-0.04,0.23
10.094934940338135,0.23,-0.03,-0.04,0.23
10.097861051559448,0.23,-0.03,-0.04,0.23
10.109142065048218,0.23,-0.04,-0.04,0.23
10.121425151824951,0.23,-0.03,-0.03,0.23
10.126633167266846,0.23,-0.03,-0.04,0.23
10.136568069458008,0.23,-0.03,-0.04,0.23
10.148553848266602,0.23,-0.03,-0.03,0.23
10.15927004814148,0.22,-0.04,-0.05,0.22
10.171494007110596,0.23,-0.03,-0.04,0.23
10.176084995269775,0.23,-0.03,-0.04,0.23
10.18618106842041,0.23,-0.04,-0.03,0.23
10.1980619430542,0.23,-0.03,-0.04,0.23
10.207712173461914,0.23,-0.03,-0.05,0.23
10.219945907592773,0.23,-0.04,-0.04,0.23
10.22582197189331,0.23,-0.03,-0.03,0.23
10.245344161987305,0.24,-0.03,-0.03,0.24
10.2484130859375,0.23,-0.03,-0.04,0.23
10.255797863006592,0.23,-0.03,-0.04,0.23
10.265655994415283,0.23,-0.03,-0.04,0.23
10.27687406539917,0.23,-0.03,-0.04,0.23
10.287898063659668,0.23,-0.04,-0.04,0.23
10.297571182250977,0.23,-0.03,-0.03,0.23
10.307568073272705,0.23,-0.03,-0.04,0.23
10.321660041809082,0.24,-0.03,-0.03,0.24
10.324849128723145,0.24,-0.03,-0.03,0.24
10.335936069488525,0.23,-0.04,-0.04,0.23
10.347484111785889,0.23,-0.03,-0.05,0.23
10.357351064682007,0.22,-0.03,-0.04,0.22
10.368494033813477,0.23,-0.03,-0.03,0.23
10.375006198883057,0.23,-0.04,-0.04,0.23
10.385157108306885,0.22,-0.04,-0.03,0.22
10.396925926208496,0.23,-0.04,-0.03,0.23
10.405879974365234,0.23,-0.04,-0.03,0.23
10.417924880981445,0.23,-0.04,-0.03,0.23
10.425034999847412,0.22,-0.03,-0.05,0.22
10.437211990356445,0.23,-0.03,-0.04,0.23
10.445611000061035,0.23,-0.03,-0.03,0.23
10.455978870391846,0.23,-0.03,-0.03,0.23
10.468989849090576,0.22,-0.03,-0.04,0.22
10.474124908447266,0.22,-0.03,-0.03,0.22
10.484167098999023,0.23,-0.03,-0.04,0.23
10.4965660572052,0.23,-0.04,-0.03,0.23
10.506422996520996,0.22,-0.04,-0.04,0.22
10.519446849822998,0.23,-0.03,-0.04,0.23
10.523885011672974,0.22,-0.02,-0.03,0.22
10.533797025680542,0.22,-0.02,-0.04,0.22
10.545423984527588,0.22,-0.03,-0.04,0.22
10.555764198303223,0.22,-0.03,-0.03,0.22
10.56550908088684,0.22,-0.03,-0.03,0.22
10.573950052261353,0.22,-0.04,-0.03,0.22
10.58591890335083,0.22,-0.03,-0.04,0.22
10.595057964324951,0.22,-0.03,-0.05,0.22
10.605085849761963,0.22,-0.03,-0.04,0.22
10.617063999176025,0.22,-0.04,-0.03,0.22
10.62293815612793,0.22,-0.04,-0.03,0.22
10.633404016494751,0.22,-0.03,-0.04,0.22
10.645150184631348,0.22,-0.02,-0.05,0.22
10.654936075210571,0.22,-0.02,-0.04,0.22
10.668447017669678,0.22,-0.03,-0.03,0.22
10.672702074050903,0.22,-0.03,-0.02,0.22
10.683082103729248,0.22,-0.02,-0.03,0.22
10.694653034210205,0.22,-0.03,-0.04,0.22
10.704676151275635,0.22,-0.03,-0.03,0.22
10.71692705154419,0.23,-0.03,-0.04,0.23
10.72244906425476,0.23,-0.02,-0.03,0.23
10.733236074447632,0.22,-0.03,-0.03,0.22
10.744263172149658,0.22,-0.03,-0.04,0.22
10.754918098449707,0.22,-0.03,-0.03,0.22
10.767575979232788,0.22,-0.02,-0.04,0.22
10.772227048873901,0.22,-0.03,-0.04,0.22
10.781974077224731,0.22,-0.03,-0.04,0.22
10.793951034545898,0.22,-0.03,-0.03,0.22
10.803467035293579,0.22,-0.03,-0.03,0.22
10.819200992584229,0.22,-0.03,-0.04,0.22
10.821906089782715,0.23,-0.02,-0.03,0.23
10.832182884216309,0.21,-0.03,-0.03,0.21
10.84419298171997,0.22,-0.03,-0.03,0.22
10.853677034378052,0.22,-0.03,-0.04,0.22
10.864991188049316,0.22,-0.03,-0.04,0.22
10.871809005737305,0.21,-0.03,-0.04,0.21
10.881857872009277,0.23,-0.02,-0.04,0.23
10.893975973129272,0.22,-0.02,-0.04,0.22
10.903066158294678,0.22,-0.03,-0.04,0.22
10.913382053375244,0.22,-0.04,-0.03,0.22
10.921324014663696,0.22,-0.03,-0.04,0.22
10.932547092437744,0.22,-0.03,-0.04,0.22
10.942576885223389,0.22,-0.03,-0.04,0.22
10.953289031982422,0.22,-0.03,-0.03,0.22
10.969213962554932,0.22,-0.03,-0.03,0.22
10.970521926879883,0.22,-0.03,-0.04,0.22
10.981950998306274,0.22,-0.03,-0.04,0.22
10.993256092071533,0.22,-0.04,-0.03,0.22
11.002955913543701,0.22,-0.03,-0.04,0.22
11.01440715789795,0.22,-0.03,-0.04,0.22
11.02043604850769,0.22,-0.03,-0.04,0.22
11.030898094177246,0.22,-0.03,-0.03,0.22
11.043107986450195,0.21,-0.03,-0.05,0.21
11.05158519744873,0.21,-0.03,-0.05,0.21
11.063261032104492,0.22,-0.03,-0.05,0.22
11.070381164550781,0.21,-0.03,-0.04,0.21
11.082126140594482,0.22,-0.03,-0.04,0.22
11.091175079345703,0.22,-0.03,-0.04,0.22
11.10204005241394,0.22,-0.03,-0.05,0.22
11.114449977874756,0.21,-0.02,-0.04,0.21
11.119785070419312,0.22,-0.03,-0.05,0.22
11.129880905151367,0.23,-0.03,-0.05,0.23
11.142529964447021,0.22,-0.03,-0.05,0.22
11.152055978775024,0.21,-0.03,-0.04,0.21
11.165822982788086,0.21,-0.03,-0.04,0.21
11.169167041778564,0.21,-0.03,-0.04,0.21
11.179496049880981,0.21,-0.03,-0.05,0.21
11.191503047943115,0.21,-0.02,-0.05,0.21
11.200850009918213,0.21,-0.03,-0.05,0.21
11.213337898254395,0.22,-0.03,-0.05,0.22
11.219112873077393,0.22,-0.02,-0.05,0.22
11.229302883148193,0.21,-0.04,-0.05,0.21
11.241176128387451,0.21,-0.03,-0.05,0.21
11.250993013381958,0.22,-0.03,-0.05,0.22
11.264480113983154,0.21,-0.03,-0.05,0.21
11.268998146057129,0.21,-0.04,-0.05,0.21
11.278730869293213,0.21,-0.04,-0.06,0.22
11.291208982467651,0.21,-0.02,-0.05,0.21
11.299113988876343,0.22,-0.03,-0.04,0.22
11.308710098266602,0.21,-0.03,-0.05,0.21
11.31836199760437,0.21,-0.03,-0.04,0.21
11.33060598373413,0.21,-0.03,-0.06,0.22
11.34028697013855,0.21,-0.03,-0.05,0.21
11.350942134857178,0.21,-0.02,-0.04,0.21
11.364488124847412,0.21,-0.02,-0.06,0.21
11.36833906173706,0.21,-0.02,-0.05,0.21
11.378277063369751,0.21,-0.03,-0.05,0.21
11.389752864837646,0.21,-0.03,-0.05,0.21
11.400438070297241,0.22,-0.03,-0.05,0.22
11.415658950805664,0.21,-0.03,-0.06,0.22
11.417508125305176,0.21,-0.03,-0.05,0.21
11.428093910217285,0.21,-0.03,-0.04,0.21
11.440232038497925,0.21,-0.02,-0.05,0.21
11.450155973434448,0.22,-0.03,-0.06,0.23
11.464585065841675,0.21,-0.03,-0.05,0.21
11.467280864715576,0.21,-0.03,-0.05,0.21
11.477544069290161,0.21,-0.04,-0.06,0.22
11.489461898803711,0.21,-0.03,-0.06,0.22
11.499306201934814,0.21,-0.04,-0.05,0.21
11.510977029800415,0.22,-0.03,-0.05,0.22
11.517132997512817,0.21,-0.02,-0.06,0.21
11.526927947998047,0.2,-0.03,-0.06,0.21
11.539452075958252,0.21,-0.03,-0.06,0.22
11.5486421585083,0.21,-0.03,-0.07,0.22
11.559578895568848,0.21,-0.04,-0.05,0.21
11.566615104675293,0.21,-0.03,-0.04,0.21
11.576843976974487,0.2,-0.04,-0.05,0.21
11.588727951049805,0.21,-0.04,-0.05,0.21
11.59866714477539,0.2,-0.04,-0.06,0.21
11.613489151000977,0.21,-0.03,-0.05,0.21
11.616146087646484,0.21,-0.03,-0.05,0.21
11.626528024673462,0.21,-0.03,-0.06,0.22
11.638588905334473,0.2,-0.04,-0.06,0.21
11.64798903465271,0.21,-0.03,-0.05,0.21
11.659000873565674,0.21,-0.02,-0.04,0.21
11.666379928588867,0.21,-0.02,-0.06,0.21
11.677772998809814,0.22,-0.03,-0.06,0.23
11.687924861907959,0.2,-0.03,-0.05,0.2
11.696832180023193,0.2,-0.03,-0.05,0.2
11.707025051116943,0.2,-0.03,-0.05,0.2
11.715511083602905,0.2,-0.03,-0.05,0.2
11.727375984191895,0.21,-0.03,-0.05,0.21
11.73724889755249,0.21,-0.03,-0.06,0.22
11.747184991836548,0.21,-0.03,-0.05,0.21
11.758357048034668,0.21,-0.03,-0.05,0.21
11.765444993972778,0.21,-0.02,-0.05,0.21
11.77558708190918,0.2,-0.03,-0.05,0.2
11.78764295578003,0.2,-0.02,-0.04,0.2
11.796481132507324,0.21,-0.02,-0.04,0.21
11.81055212020874,0.2,-0.03,-0.05,0.2
11.814956188201904,0.19,-0.03,-0.04,0.19
11.825068950653076,0.2,-0.02,-0.04,0.2
11.837615966796875,0.2,-0.03,-0.06,0.21
11.846863985061646,0.21,-0.03,-0.04,0.21
11.856348037719727,0.21,-0.02,-0.04,0.21
11.865015029907227,0.2,-0.02,-0.05,0.2
11.875,0.21,-0.03,-0.05,0.21
11.886734008789062,0.2,-0.03,-0.05,0.2
11.896390914916992,0.2,-0.03,-0.04,0.2
11.906425952911377,0.21,-0.03,-0.05,0.21
11.914340019226074,0.2,-0.03,-0.04,0.2
11.926584005355835,0.2,-0.03,-0.05,0.2
11.93541407585144,0.2,-0.03,-0.05,0.2
11.946451187133789,0.2,-0.03,-0.04,0.2
11.959711074829102,0.2,-0.03,-0.04,0.2
11.964051008224487,0.21,-0.03,-0.04,0.21
11.974670886993408,0.2,-0.03,-0.05,0.2
11.985710144042969,0.2,-0.03,-0.05,0.2
11.996893882751465,0.21,-0.02,-0.04,0.21
12.012448072433472,0.21,-0.03,-0.05,0.21
12.013437986373901,0.21,-0.03,-0.05,0.21
12.023850917816162,0.2,-0.03,-0.03,0.2
12.036452054977417,0.2,-0.04,-0.04,0.2
12.045621871948242,0.2,-0.03,-0.05,0.2
12.058963060379028,0.21,-0.03,-0.04,0.21
12.063292026519775,0.2,-0.03,-0.04,0.2
12.073211193084717,0.2,-0.03,-0.04,0.2
12.085265159606934,0.2,-0.02,-0.04,0.2
12.095002174377441,0.2,-0.03,-0.04,0.2
12.108543872833252,0.2,-0.03,-0.05,0.2
12.11297607421875,0.21,-0.03,-0.03,0.21
12.123347043991089,0.2,-0.03,-0.05,0.2
12.135411024093628,0.2,-0.02,-0.04,0.2
12.14490795135498,0.2,-0.03,-0.03,0.2
12.15819501876831,0.2,-0.03,-0.05,0.2
12.162437915802002,0.2,-0.03,-0.05,0.2
12.172806978225708,0.2,-0.03,-0.04,0.2
12.183755874633789,0.2,-0.03,-0.04,0.2
12.194727897644043,0.2,-0.02,-0.04,0.2
12.207252025604248,0.21,-0.02,-0.04,0.21
12.212143898010254,0.2,-0.03,-0.04,0.2
12.222393035888672,0.2,-0.03,-0.04,0.2
12.234559059143066,0.2,-0.02,-0.04,0.2
12.244065046310425,0.2,-0.03,-0.03,0.2
12.25414514541626,0.2,-0.02,-0.04,0.2
12.262277126312256,0.19,-0.03,-0.04,0.19
12.27540397644043,0.2,-0.02,-0.04,0.2
12.284233093261719,0.21,-0.02,-0.04,0.21
12.29195499420166,0.2,-0.02,-0.04,0.2
12.30167293548584,0.2,-0.02,-0.03,0.2
12.311686992645264,0.2,-0.02,-0.05,0.2
12.322195053100586,0.2,-0.03,-0.04,0.2
12.333400011062622,0.2,-0.03,-0.03,0.2
12.343274116516113,0.2,-0.02,-0.04,0.2
12.35466718673706,0.2,-0.02,-0.05,0.2
12.361419200897217,0.2,-0.02,-0.03,0.2
12.376083850860596,0.19,-0.03,-0.03,0.19
12.381134033203125,0.19,-0.03,-0.04,0.19
12.393588066101074,0.2,-0.03,-0.05,0.2
12.40762186050415,0.2,-0.02,-0.04,0.2
12.411037921905518,0.2,-0.03,-0.04,0.2
12.421395063400269,0.2,-0.02,-0.04,0.2
12.43215799331665,0.2,-0.02,-0.04,0.2
12.443017959594727,0.2,-0.03,-0.04,0.2
12.472707986831665,0.19,-0.03,-0.04,0.19
12.475963115692139,0.19,-0.02,-0.04,0.19
12.477437973022461,0.2,-0.02,-0.04,0.2
12.480761051177979,0.19,-0.03,-0.03,0.19
12.49235200881958,0.19,-0.03,-0.04,0.19
12.501904964447021,0.19,-0.03,-0.03,0.19
12.50999116897583,0.19,-0.03,-0.03,0.19
12.522741079330444,0.2,-0.02,-0.03,0.2
12.531735897064209,0.2,-0.02,-0.04,0.2
12.541880130767822,0.19,-0.02,-0.04,0.19
12.55134916305542,0.2,-0.03,-0.04,0.2
12.559523105621338,0.2,-0.03,-0.04,0.2
12.571645975112915,0.2,-0.02,-0.03,0.2
12.581014156341553,0.2,-0.03,-0.03,0.2
12.59043002128601,0.2,-0.03,-0.03,0.2
12.605231046676636,0.19,-0.02,-0.03,0.19
12.60954999923706,0.2,-0.02,-0.04,0.2
12.622251987457275,0.2,-0.03,-0.03,0.2
12.630789995193481,0.19,-0.03,-0.03,0.19
12.639792919158936,0.19,-0.03,-0.03,0.19
12.652446031570435,0.19,-0.03,-0.05,0.19
12.659143924713135,0.19,-0.03,-0.03,0.19
12.670528888702393,0.19,-0.02,-0.04,0.19
12.680351972579956,0.2,-0.02,-0.04,0.2
12.690123081207275,0.19,-0.02,-0.04,0.19
12.7035231590271,0.2,-0.03,-0.04,0.2
13.08334493637085,0.2,-0.03,-0.04,0.2
13.084875106811523,0.2,-0.03,-0.04,0.2
13.086773872375488,0.2,-0.03,-0.03,0.2
13.08870005607605,0.19,-0.03,-0.03,0.19
13.095172882080078,0.19,-0.02,-0.04,0.19
13.096883058547974,0.19,-0.03,-0.05,0.19
13.098469018936157,0.2,-0.02,-0.04,0.2
13.098958015441895,0.19,-0.03,-0.04,0.19
13.0992431640625,0.2,-0.03,-0.04,0.2
13.10048508644104,0.19,-0.02,-0.03,0.19
13.100739002227783,0.19,-0.02,-0.04,0.19
13.10101318359375,0.19,-0.03,-0.03,0.19
13.10121202468872,0.19,-0.03,-0.03,0.19
13.101444005966187,0.18,-0.03,-0.03,0.18
13.102588176727295,0.19,-0.04,-0.04,0.19
13.10283088684082,0.19,-0.03,-0.04,0.19
13.103067874908447,0.19,-0.02,-0.04,0.19
13.103341102600098,0.19,-0.03,-0.03,0.19
13.10354995727539,0.19,-0.03,-0.03,0.19
13.10451889038086,0.19,-0.03,-0.03,0.19
13.104942083358765,0.18,-0.02,-0.03,0.18
13.10529088973999,0.19,-0.03,-0.04,0.19
13.105499029159546,0.19,-0.03,-0.04,0.19
13.105720043182373,0.19,-0.03,-0.03,0.19
13.106789112091064,0.19,-0.02,-0.04,0.19
13.10707712173462,0.18,-0.02,-0.03,0.18
13.107392072677612,0.19,-0.03,-0.04,0.19
13.107707977294922,0.2,-0.02,-0.03,0.2
13.107962131500244,0.19,-0.02,-0.03,0.19
13.10897707939148,0.19,-0.02,-0.04,0.19
13.109225034713745,0.2,-0.02,-0.04,0.2
13.109537124633789,0.19,-0.03,-0.03,0.19
13.109775066375732,0.19,-0.03,-0.04,0.19
13.110007047653198,0.19,-0.02,-0.04,0.19
13.111044883728027,0.19,-0.03,-0.04,0.19
13.111284017562866,0.19,-0.02,-0.04,0.19
13.111600875854492,0.18,-0.03,-0.03,0.18
13.111881971359253,0.19,-0.02,-0.03,0.19
13.112169027328491,0.18,-0.02,-0.04,0.18
13.113226890563965,0.19,-0.02,-0.04,0.19
13.113502025604248,0.19,-0.03,-0.03,0.19
13.115717887878418,0.19,-0.02,-0.04,0.19
13.12609601020813,0.18,-0.02,-0.04,0.18
13.135915994644165,0.19,-0.03,-0.04,0.19
13.145680904388428,0.2,-0.02,-0.04,0.2
13.1580650806427,0.19,-0.02,-0.04,0.19
13.16720700263977,0.18,-0.02,-0.04,0.18
13.223989963531494,0.19,-0.03,-0.04,0.19
13.234373092651367,0.18,-0.03,-0.04,0.18
13.296702861785889,0.19,-0.03,-0.03,0.19
13.298120021820068,0.19,-0.03,-0.03,0.19
13.300125122070312,0.18,-0.03,-0.04,0.18
13.30356216430664,0.18,-0.02,-0.04,0.18
13.306758880615234,0.19,-0.03,-0.05,0.19
13.324090003967285,0.18,-0.03,-0.03,0.18
13.32535696029663,0.18,-0.03,-0.03,0.18
13.327279090881348,0.18,-0.02,-0.04,0.18
13.3302001953125,0.18,-0.03,-0.04,0.18
13.332401037216187,0.19,-0.03,-0.04,0.19
13.64923095703125,0.18,-0.03,-0.04,0.18
13.650670051574707,0.19,-0.03,-0.04,0.19
13.652152061462402,0.19,-0.03,-0.03,0.19
13.653706073760986,0.19,-0.02,-0.04,0.19
13.655152082443237,0.19,-0.02,-0.05,0.19
13.663459062576294,0.19,-0.02,-0.03,0.19
13.664753913879395,0.19,-0.02,-0.03,0.19
13.667147159576416,0.18,-0.02,-0.04,0.18
13.668169021606445,0.18,-0.02,-0.04,0.18
13.66938591003418,0.18,-0.02,-0.03,0.18
13.697352886199951,0.18,-0.02,-0.04,0.18
13.70262098312378,0.18,-0.03,-0.04,0.18
13.70405912399292,0.18,-0.03,-0.04,0.18
13.705336093902588,0.18,-0.03,-0.03,0.18
13.70726203918457,0.19,-0.02,-0.04,0.19
13.713046073913574,0.18,-0.02,-0.04,0.18
13.71475601196289,0.18,-0.02,-0.03,0.18
13.716629981994629,0.19,-0.03,-0.04,0.19
13.718273162841797,0.18,-0.02,-0.04,0.18
13.719757080078125,0.19,-0.02,-0.04,0.19
13.726820945739746,0.18,-0.03,-0.04,0.18
13.728362083435059,0.18,-0.02,-0.04,0.18
13.729825973510742,0.18,-0.02,-0.03,0.18
13.731266021728516,0.18,-0.02,-0.04,0.18
13.732500076293945,0.18,-0.02,-0.04,0.18
13.738751888275146,0.18,-0.02,-0.04,0.18
13.74025297164917,0.18,-0.02,-0.05,0.18
13.741940021514893,0.18,-0.02,-0.03,0.18
13.743473052978516,0.19,-0.02,-0.03,0.19
13.74493408203125,0.18,-0.02,-0.03,0.18
13.752508163452148,0.18,-0.02,-0.04,0.18
13.754475116729736,0.18,-0.03,-0.03,0.18
13.75609803199768,0.18,-0.02,-0.03,0.18
13.759554862976074,0.18,-0.03,-0.03,0.18
13.764947891235352,0.18,-0.03,-0.04,0.18
13.799782037734985,0.19,-0.03,-0.04,0.19
13.801408052444458,0.19,-0.02,-0.04,0.19
13.80328106880188,0.19,-0.03,-0.03,0.19
13.805180072784424,0.18,-0.02,-0.04,0.18
13.806304931640625,0.18,-0.02,-0.04,0.18
13.81328296661377,0.18,-0.03,-0.03,0.18
13.814370155334473,0.18,-0.03,-0.03,0.18
13.815908908843994,0.18,-0.02,-0.04,0.18
13.816941976547241,0.18,-0.02,-0.04,0.18
13.817836999893188,0.18,-0.02,-0.04,0.18
13.832228183746338,0.18,-0.02,-0.05,0.18
13.83413314819336,0.17,-0.03,-0.03,0.17
13.835949897766113,0.18,-0.02,-0.04,0.18
13.8372220993042,0.18,-0.02,-0.03,0.18
13.840466022491455,0.18,-0.03,-0.03,0.18
13.855282068252563,0.18,-0.02,-0.04,0.18
13.85842514038086,0.18,-0.02,-0.04,0.18
13.860918998718262,0.18,-0.03,-0.03,0.18
13.861934185028076,0.18,-0.03,-0.03,0.18
13.862783908843994,0.18,-0.03,-0.03,0.18
13.868726968765259,0.18,-0.03,-0.04,0.18
13.87028694152832,0.18,-0.02,-0.03,0.18
13.871679067611694,0.18,-0.02,-0.04,0.18
13.872918128967285,0.18,-0.02,-0.05,0.18
13.882385015487671,0.18,-0.02,-0.04,0.18
13.900804042816162,0.18,-0.03,-0.03,0.18
13.905410051345825,0.17,-0.03,-0.04,0.17
13.92917799949646,0.17,-0.01,-0.04,0.17
13.959042072296143,0.18,-0.02,-0.04,0.18
13.970628023147583,0.17,-0.02,-0.05,0.17
14.026362895965576,0.18,-0.02,-0.04,0.18
14.036056995391846,0.17,-0.02,-0.04,0.17
14.04069995880127,0.18,-0.02,-0.04,0.18
14.04194688796997,0.18,-0.02,-0.04,0.18
14.08257508277893,0.18,-0.03,-0.05,0.18
14.12383508682251,0.17,-0.03,-0.04,0.17
14.132823944091797,0.17,-0.03,-0.04,0.17
14.141560077667236,0.17,-0.02,-0.04,0.17
14.1491219997406,0.17,-0.02,-0.04,0.17
14.161547183990479,0.19,-0.02,-0.04,0.19
14.228187084197998,0.18,-0.02,-0.04,0.18
14.240179061889648,0.17,-0.02,-0.04,0.17
14.245348930358887,0.17,-0.02,-0.04,0.17
14.25345516204834,0.18,-0.02,-0.04,0.18
14.256936073303223,0.18,-0.02,-0.04,0.18
14.27003812789917,0.18,-0.02,-0.04,0.18
14.284134864807129,0.17,-0.03,-0.05,0.17
14.28745412826538,0.18,-0.02,-0.04,0.18
14.290113925933838,0.17,-0.02,-0.03,0.17
14.292548179626465,0.18,-0.02,-0.03,0.18
14.301823139190674,0.17,-0.02,-0.04,0.17
14.326308012008667,0.18,-0.03,-0.04,0.18
14.332664966583252,0.18,-0.02,-0.03,0.18
14.335297107696533,0.18,-0.02,-0.03,0.18
14.34087610244751,0.18,-0.03,-0.04,0.18
14.36948013305664,0.17,-0.02,-0.04,0.17
14.374081134796143,0.18,-0.02,-0.03,0.18
14.378150939941406,0.17,-0.03,-0.03,0.17
14.379242897033691,0.17,-0.03,-0.03,0.17
14.38096809387207,0.17,-0.02,-0.04,0.17
14.391049861907959,0.18,-0.02,-0.04,0.18
14.393014907836914,0.18,-0.02,-0.03,0.18
14.39836311340332,0.17,-0.03,-0.04,0.17
14.402957916259766,0.18,-0.02,-0.04,0.18
14.410337924957275,0.17,-0.03,-0.04,0.17
14.430909156799316,0.18,-0.02,-0.03,0.18
14.43410587310791,0.18,-0.02,-0.03,0.18
14.438637971878052,0.17,-0.02,-0.04,0.17
14.441668033599854,0.17,-0.02,-0.04,0.17
14.445123195648193,0.17,-0.02,-0.03,0.17
14.473963975906372,0.16,-0.03,-0.03,0.16
14.484230995178223,0.17,-0.02,-0.04,0.17
14.492394924163818,0.17,-0.02,-0.05,0.17
14.50044298171997,0.17,-0.01,-0.04,0.17
14.506300926208496,0.17,-0.02,-0.03,0.17
14.530209064483643,0.17,-0.01,-0.04,0.17
14.535116195678711,0.17,-0.02,-0.03,0.17
14.540148973464966,0.17,-0.02,-0.04,0.17
14.54369592666626,0.17,-0.02,-0.04,0.17
14.548562049865723,0.17,-0.03,-0.04,0.17
14.57089900970459,0.18,-0.03,-0.04,0.18
14.57392406463623,0.17,-0.03,-0.04,0.17
14.575129985809326,0.17,-0.03,-0.04,0.17
14.580703973770142,0.17,-0.02,-0.04,0.17
14.58368706703186,0.17,-0.03,-0.03,0.17
14.596107959747314,0.17,-0.03,-0.04,0.17
14.599165916442871,0.17,-0.02,-0.04,0.17
14.602670192718506,0.18,-0.03,-0.03,0.18
14.607030868530273,0.18,-0.02,-0.04,0.18
14.610558986663818,0.17,-0.02,-0.04,0.17
14.623785972595215,0.17,-0.03,-0.04,0.17
14.625969886779785,0.17,-0.02,-0.04,0.17
14.627632141113281,0.17,-0.02,-0.04,0.17
14.629481077194214,0.17,-0.02,-0.04,0.17
14.632461071014404,0.17,-0.03,-0.03,0.17
14.639244079589844,0.17,-0.03,-0.04,0.17
14.640429973602295,0.17,-0.03,-0.04,0.17
14.641921043395996,0.17,-0.02,-0.04,0.17
14.646231174468994,0.17,-0.02,-0.04,0.17
14.651727199554443,0.17,-0.02,-0.03,0.17
14.68158507347107,0.18,-0.02,-0.04,0.18
14.684993028640747,0.18,-0.02,-0.04,0.18
14.688256025314331,0.18,-0.02,-0.05,0.18
14.693979024887085,0.17,-0.02,-0.04,0.17
14.695739984512329,0.17,-0.02,-0.05,0.17
14.70215106010437,0.17,-0.02,-0.04,0.17
14.703765869140625,0.17,-0.03,-0.04,0.17
14.706071853637695,0.17,-0.03,-0.03,0.17
14.717315196990967,0.17,-0.02,-0.03,0.17
14.726978063583374,0.17,-0.02,-0.04,0.17
14.736562013626099,0.17,-0.03,-0.04,0.17
14.7478609085083,0.16,-0.02,-0.04,0.16
14.758372068405151,0.17,-0.02,-0.04,0.17
14.769503116607666,0.17,-0.02,-0.04,0.17
14.781477928161621,0.18,-0.03,-0.04,0.18
14.80631685256958,0.17,-0.02,-0.05,0.17
14.809046030044556,0.17,-0.03,-0.04,0.17
14.811527967453003,0.16,-0.02,-0.04,0.16
14.8173508644104,0.17,-0.02,-0.04,0.17
14.827334880828857,0.17,-0.02,-0.05,0.17
14.842949867248535,0.17,-0.02,-0.04,0.17
14.849011898040771,0.17,-0.02,-0.04,0.17
14.858339071273804,0.17,-0.03,-0.05,0.17
14.865269184112549,0.17,-0.03,-0.05,0.17
14.877420902252197,0.16,-0.02,-0.05,0.16
14.887636184692383,0.17,-0.02,-0.05,0.17
14.895482063293457,0.17,-0.03,-0.05,0.17
14.906010150909424,0.17,-0.02,-0.05,0.17
14.915632009506226,0.17,-0.03,-0.05,0.17
14.925595045089722,0.17,-0.02,-0.06,0.18
14.936861038208008,0.17,-0.03,-0.05,0.17
14.945182085037231,0.17,-0.03,-0.05,0.17
14.975523948669434,0.17,-0.02,-0.04,0.17
14.980611085891724,0.17,-0.03,-0.05,0.17
14.990335941314697,0.17,-0.02,-0.05,0.17
15.008112907409668,0.17,-0.02,-0.05,0.17
15.010442018508911,0.17,-0.02,-0.05,0.17
15.012577056884766,0.17,-0.02,-0.06,0.18
15.015338897705078,0.16,-0.03,-0.06,0.17
15.045915126800537,0.16,-0.03,-0.05,0.17
15.055068969726562,0.16,-0.03,-0.05,0.17
15.059124946594238,0.16,-0.02,-0.05,0.16
15.062566041946411,0.17,-0.02,-0.06,0.18
15.064455032348633,0.17,-0.02,-0.05,0.17
15.074534893035889,0.17,-0.02,-0.06,0.18
15.08560299873352,0.16,-0.02,-0.06,0.17
15.095305919647217,0.16,-0.03,-0.06,0.17
15.10374116897583,0.16,-0.02,-0.06,0.17
15.114114999771118,0.16,-0.03,-0.05,0.17
15.123576164245605,0.16,-0.02,-0.05,0.16
15.133838176727295,0.17,-0.03,-0.06,0.18
15.143501996994019,0.17,-0.02,-0.07,0.18
15.15306305885315,0.17,-0.02,-0.06,0.18
15.16379690170288,0.16,-0.02,-0.05,0.16
15.173058986663818,0.17,-0.02,-0.05,0.17
15.183629035949707,0.16,-0.03,-0.06,0.17
15.193889141082764,0.17,-0.02,-0.06,0.18
15.20311689376831,0.17,-0.03,-0.05,0.17
15.213937997817993,0.16,-0.02,-0.05,0.16
15.223599910736084,0.17,-0.02,-0.04,0.17
15.234637975692749,0.16,-0.03,-0.05,0.17
15.245321989059448,0.17,-0.02,-0.06,0.18
15.252783060073853,0.16,-0.02,-0.05,0.16
15.280659198760986,0.17,-0.03,-0.05,0.17
15.284358024597168,0.17,-0.03,-0.06,0.18
15.298472881317139,0.17,-0.02,-0.05,0.17
15.302248001098633,0.16,-0.02,-0.05,0.16
15.305243015289307,0.16,-0.02,-0.06,0.17
15.31547212600708,0.16,-0.02,-0.05,0.16
15.324864864349365,0.16,-0.02,-0.05,0.16
15.335540056228638,0.17,-0.02,-0.05,0.17
15.342813968658447,0.17,-0.03,-0.06,0.18
15.353577136993408,0.17,-0.02,-0.05,0.17
15.363720893859863,0.16,-0.02,-0.05,0.16
15.373903036117554,0.16,-0.03,-0.05,0.17
15.387387037277222,0.16,-0.03,-0.05,0.17
15.392413139343262,0.17,-0.02,-0.05,0.17
15.40114688873291,0.17,-0.02,-0.05,0.17
15.411391019821167,0.17,-0.03,-0.05,0.17
15.423228025436401,0.16,-0.02,-0.05,0.16
15.43141794204712,0.16,-0.02,-0.05,0.16
15.441930055618286,0.17,-0.03,-0.05,0.17
15.45285415649414,0.16,-0.02,-0.04,0.16
15.46169900894165,0.17,-0.03,-0.05,0.17
15.471856117248535,0.17,-0.02,-0.05,0.17
15.482084035873413,0.16,-0.02,-0.05,0.16
15.492022037506104,0.17,-0.03,-0.04,0.17
27.661516189575195,0.16,-0.02,-0.05,0.16
27.66540503501892,0.17,-0.01,-0.05,0.17
27.666633129119873,0.17,-0.02,-0.05,0.17
27.67322015762329,0.16,-0.02,-0.04,0.16
27.673739910125732,0.15,-0.03,-0.04,0.15
27.674570083618164,0.16,-0.02,-0.04,0.16
27.675125122070312,0.16,-0.03,-0.04,0.16
27.675870895385742,0.16,-0.02,-0.04,0.16
27.67848014831543,0.16,-0.03,-0.05,0.17
27.679012060165405,0.16,-0.02,-0.05,0.16
27.67947292327881,0.15,-0.03,-0.04,0.15
27.67978811264038,0.15,-0.02,-0.04,0.15
27.68010401725769,0.16,-0.02,-0.04,0.16
27.682337999343872,0.17,-0.02,-0.04,0.17
27.682783126831055,0.17,-0.02,-0.04,0.17
27.683133125305176,0.16,-0.02,-0.04,0.16
27.683463096618652,0.16,-0.02,-0.05,0.16
27.684307098388672,0.16,-0.02,-0.04,0.16
27.689552068710327,0.17,-0.02,-0.04,0.17
27.69086003303528,0.16,-0.02,-0.05,0.16
27.691313982009888,0.16,-0.02,-0.04,0.16
27.691895008087158,0.17,-0.02,-0.04,0.17
27.69231414794922,0.17,-0.02,-0.05,0.17
27.694499969482422,0.16,-0.01,-0.04,0.16
27.69523596763611,0.16,-0.02,-0.05,0.16
27.69561004638672,0.16,-0.02,-0.04,0.16
27.695965051651,0.15,-0.02,-0.05,0.15
27.696397066116333,0.16,-0.02,-0.04,0.16
27.697702884674072,0.16,-0.03,-0.04,0.16
27.69843292236328,0.16,-0.02,-0.05,0.16
27.69897985458374,0.15,-0.03,-0.04,0.15
27.709455966949463,0.16,-0.03,-0.04,0.16
27.71445107460022,0.16,-0.02,-0.04,0.16
27.717406034469604,0.16,-0.02,-0.05,0.16
27.71858310699463,0.16,-0.03,-0.04,0.16
27.719231128692627,0.16,-0.02,-0.04,0.16
27.71961498260498,0.17,-0.02,-0.04,0.17
27.720064163208008,0.16,-0.02,-0.04,0.16
27.72700309753418,0.16,-0.02,-0.04,0.16
27.727275848388672,0.16,-0.02,-0.04,0.16
27.72761297225952,0.16,-0.01,-0.04,0.16
27.727922916412354,0.16,-0.02,-0.05,0.16
27.728358030319214,0.15,-0.02,-0.04,0.15
27.734214067459106,0.16,-0.02,-0.05,0.16
27.760826110839844,0.16,-0.02,-0.04,0.16
27.762049198150635,0.16,-0.02,-0.05,0.16
27.76285219192505,0.16,-0.02,-0.05,0.16
27.763224124908447,0.16,-0.02,-0.04,0.16
27.76980686187744,0.15,-0.02,-0.04,0.15
27.771373987197876,0.16,-0.02,-0.04,0.16
28.4756920337677,0.16,-0.02,-0.04,0.16
28.47927498817444,0.15,-0.02,-0.05,0.15
28.56588101387024,0.16,-0.01,-0.05,0.16
28.568245887756348,0.16,-0.02,-0.03,0.16
28.569046020507812,0.16,-0.02,-0.04,0.16
28.571703910827637,0.16,-0.02,-0.03,0.16
28.57213807106018,0.16,-0.02,-0.04,0.16
28.583404064178467,0.17,-0.03,-0.04,0.17
28.59082007408142,0.16,-0.02,-0.03,0.16
28.59187602996826,0.16,-0.02,-0.05,0.16
28.592423915863037,0.16,-0.03,-0.05,0.17
28.5944561958313,0.16,-0.02,-0.05,0.16
28.59659194946289,0.15,-0.02,-0.05,0.15
28.603426933288574,0.16,-0.02,-0.05,0.16
28.604249954223633,0.16,-0.02,-0.04,0.16
28.604655981063843,0.16,-0.02,-0.04,0.16
28.60553002357483,0.16,-0.01,-0.04,0.16
28.607222080230713,0.16,-0.02,-0.04,0.16
28.617373943328857,0.16,-0.02,-0.05,0.16
28.618656158447266,0.15,-0.02,-0.04,0.15
28.619762897491455,0.16,-0.02,-0.04,0.16
28.62044620513916,0.16,-0.02,-0.04,0.16
28.62066411972046,0.16,-0.02,-0.04,0.16
28.628386974334717,0.16,-0.02,-0.04,0.16
28.628844022750854,0.15,-0.02,-0.04,0.15
28.63052988052368,0.15,-0.01,-0.04,0.15
28.631135940551758,0.16,-0.03,-0.04,0.16
28.631938934326172,0.16,-0.01,-0.04,0.16
28.63798713684082,0.15,-0.02,-0.03,0.15
28.640721082687378,0.15,-0.02,-0.03,0.15
28.64113187789917,0.15,-0.02,-0.04,0.15
28.642165184020996,0.15,-0.01,-0.05,0.15
28.642860889434814,0.16,-0.01,-0.05,0.16
28.64928698539734,0.16,-0.02,-0.04,0.16
28.65886688232422,0.15,-0.03,-0.04,0.15
28.659936904907227,0.16,-0.02,-0.03,0.16
28.661311149597168,0.15,-0.02,-0.05,0.15
28.674738883972168,0.16,-0.02,-0.05,0.16
28.681213855743408,0.15,-0.02,-0.05,0.15
28.690603017807007,0.15,-0.02,-0.03,0.15
28.69139003753662,0.16,-0.02,-0.04,0.16
28.69204807281494,0.16,-0.01,-0.04,0.16
28.693165063858032,0.16,-0.02,-0.04,0.16
28.70382595062256,0.16,-0.02,-0.04,0.16
28.704118013381958,0.16,-0.02,-0.04,0.16
28.704514980316162,0.15,-0.02,-0.03,0.15
28.707857131958008,0.15,-0.02,-0.04,0.15
28.708518028259277,0.16,-0.02,-0.05,0.16
28.715473175048828,0.16,-0.02,-0.05,0.16
28.715824127197266,0.16,-0.02,-0.04,0.16
28.71688413619995,0.16,-0.02,-0.04,0.16
28.717248916625977,0.15,-0.02,-0.04,0.15
28.717959880828857,0.15,-0.02,-0.05,0.15
28.727071046829224,0.16,-0.02,-0.04,0.16
28.728106021881104,0.16,-0.03,-0.04,0.16
28.728829860687256,0.15,-0.02,-0.04,0.15
28.729773998260498,0.15,-0.02,-0.05,0.15
28.731230974197388,0.15,-0.02,-0.04,0.15
28.741753101348877,0.16,-0.03,-0.05,0.17
28.742788076400757,0.15,-0.02,-0.04,0.15
28.75879716873169,0.15,-0.01,-0.05,0.15
28.759725093841553,0.16,-0.02,-0.04,0.16
28.774054050445557,0.16,-0.02,-0.03,0.16
28.78042197227478,0.15,-0.01,-0.05,0.15
28.793580055236816,0.15,-0.02,-0.05,0.15
28.794323921203613,0.16,-0.02,-0.04,0.16
28.79513907432556,0.15,-0.02,-0.04,0.15
28.795764923095703,0.15,-0.02,-0.05,0.15
28.812942028045654,0.15,-0.02,-0.04,0.15
28.813760995864868,0.15,-0.03,-0.04,0.15
28.81421995162964,0.15,-0.02,-0.04,0.15
28.814831018447876,0.15,-0.02,-0.05,0.15
28.815587043762207,0.15,-0.02,-0.04,0.15
28.822617053985596,0.16,-0.03,-0.05,0.17
28.82368516921997,0.16,-0.02,-0.04,0.16
28.846960067749023,0.15,-0.02,-0.05,0.15
28.84809708595276,0.15,-0.02,-0.04,0.15
28.860502004623413,0.15,-0.02,-0.05,0.15
28.868956089019775,0.15,-0.02,-0.05,0.15
28.869586944580078,0.15,-0.01,-0.04,0.15
28.87706995010376,0.15,-0.02,-0.04,0.15
28.87832999229431,0.14,-0.02,-0.06,0.15
28.879755973815918,0.15,-0.01,-0.05,0.15
28.89379906654358,0.15,-0.02,-0.04,0.15
28.894497871398926,0.15,-0.02,-0.05,0.15
28.910134077072144,0.15,-0.02,-0.04,0.15
28.9110369682312,0.16,-0.02,-0.05,0.16
28.92689085006714,0.15,-0.02,-0.05,0.15
28.93244218826294,0.15,-0.02,-0.06,0.16
28.9339280128479,0.15,-0.02,-0.04,0.15
28.943772077560425,0.15,-0.01,-0.06,0.16
28.9444260597229,0.15,-0.02,-0.06,0.16
28.94481086730957,0.15,-0.02,-0.05,0.15
28.95996403694153,0.15,-0.02,-0.05,0.15
28.960204124450684,0.15,-0.02,-0.05,0.15
28.96039605140686,0.15,-0.02,-0.05,0.15
28.960669994354248,0.14,-0.02,-0.05,0.15
28.96108102798462,0.14,-0.02,-0.05,0.15
28.965907096862793,0.15,-0.02,-0.06,0.16
28.966687202453613,0.15,-0.01,-0.06,0.16
28.967144012451172,0.16,-0.02,-0.05,0.16
28.967805862426758,0.15,-0.03,-0.05,0.16
28.979767084121704,0.15,-0.01,-0.05,0.15
28.984909057617188,0.15,-0.01,-0.06,0.16
28.98556613922119,0.15,-0.02,-0.06,0.16
28.993430137634277,0.15,-0.02,-0.05,0.15
28.993901014328003,0.15,-0.02,-0.04,0.15
28.994307041168213,0.15,-0.01,-0.05,0.15
29.0105938911438,0.14,-0.01,-0.06,0.15
29.011160850524902,0.15,-0.01,-0.06,0.16
29.011620044708252,0.15,-0.02,-0.06,0.16
29.011999130249023,0.15,-0.02,-0.05,0.15
29.02711296081543,0.15,-0.01,-0.06,0.16
29.032335996627808,0.15,-0.02,-0.05,0.15
29.033341884613037,0.15,-0.02,-0.06,0.16
29.03404402732849,0.14,-0.02,-0.06,0.15
29.0345458984375,0.15,-0.02,-0.05,0.15
29.035084009170532,0.15,-0.02,-0.06,0.16
29.039972066879272,0.15,-0.02,-0.06,0.16
29.040207862854004,0.15,-0.02,-0.06,0.16
29.04050588607788,0.15,-0.02,-0.04,0.15
29.04100799560547,0.15,-0.02,-0.04,0.15
29.04126501083374,0.15,-0.02,-0.06,0.16
29.060268878936768,0.14,-0.02,-0.06,0.15
29.06093406677246,0.15,-0.02,-0.06,0.16
29.078360080718994,0.15,-0.01,-0.05,0.15
29.079025983810425,0.15,-0.01,-0.05,0.15
29.079405069351196,0.15,-0.02,-0.06,0.16
29.09348487854004,0.15,-0.01,-0.05,0.15
29.094166040420532,0.16,-0.01,-0.05,0.16
29.110743045806885,0.15,-0.02,-0.06,0.16
29.111366987228394,0.15,-0.03,-0.06,0.16
29.111857891082764,0.14,-0.02,-0.05,0.15
29.126357078552246,0.15,-0.02,-0.05,0.15
29.126863956451416,0.15,-0.02,-0.05,0.15
29.12706995010376,0.15,-0.02,-0.05,0.15
29.127418994903564,0.15,-0.02,-0.06,0.16
29.127920150756836,0.15,-0.02,-0.06,0.16
29.132910013198853,0.15,-0.02,-0.06,0.16
29.13330602645874,0.15,-0.01,-0.06,0.16
29.133882999420166,0.15,-0.02,-0.05,0.15
29.14235806465149,0.15,-0.02,-0.06,0.16
29.143028020858765,0.15,-0.02,-0.05,0.15
29.14972686767578,0.15,-0.01,-0.06,0.16
29.150490045547485,0.15,-0.01,-0.06,0.16
29.150856971740723,0.14,-0.02,-0.05,0.15
29.177845001220703,0.14,-0.02,-0.05,0.15
29.18018388748169,0.15,-0.01,-0.06,0.16
29.186252117156982,0.15,-0.02,-0.04,0.15
29.18749713897705,0.15,-0.01,-0.05,0.15
29.192599058151245,0.15,-0.02,-0.05,0.15
29.193363189697266,0.15,-0.02,-0.04,0.15
29.19379997253418,0.14,-0.02,-0.04,0.14
29.19642686843872,0.15,-0.01,-0.05,0.15
29.197602033615112,0.14,-0.01,-0.05,0.14
29.210694074630737,0.14,-0.01,-0.05,0.14
29.21107506752014,0.14,-0.02,-0.05,0.15
29.211679935455322,0.15,-0.02,-0.05,0.15
29.2166109085083,0.14,-0.01,-0.06,0.15
29.217429161071777,0.14,-0.02,-0.06,0.15
29.217886924743652,0.14,-0.02,-0.05,0.15
29.225831031799316,0.14,-0.01,-0.05,0.14
29.226573944091797,0.14,-0.02,-0.04,0.14
29.233620166778564,0.15,-0.02,-0.05,0.15
29.235898971557617,0.13,-0.01,-0.05,0.13
29.242600917816162,0.15,-0.02,-0.06,0.16
29.24340009689331,0.15,-0.02,-0.05,0.15
29.258975982666016,0.14,-0.02,-0.05,0.15
29.265974044799805,0.14,-0.02,-0.04,0.14
29.266627073287964,0.14,-0.02,-0.04,0.14
29.266918182373047,0.14,-0.02,-0.05,0.15
29.27514886856079,0.14,-0.01,-0.05,0.14
29.275836944580078,0.14,-0.02,-0.05,0.15
29.291860103607178,0.14,-0.02,-0.04,0.14
29.292458057403564,0.14,-0.01,-0.04,0.14
29.292917013168335,0.15,-0.02,-0.05,0.15
29.308585166931152,0.14,-0.02,-0.04,0.14
29.309283018112183,0.14,-0.02,-0.05,0.15
29.314370155334473,0.14,-0.02,-0.05,0.15
29.314614057540894,0.14,-0.02,-0.05,0.15
29.314967155456543,0.14,-0.01,-0.04,0.14
29.315798044204712,0.14,-0.02,-0.03,0.14
29.32507610321045,0.15,-0.02,-0.04,0.15
29.330337047576904,0.14,-0.02,-0.05,0.15
29.341506004333496,0.15,-0.02,-0.05,0.15
29.34195613861084,0.15,-0.01,-0.05,0.15
29.342347145080566,0.15,-0.02,-0.04,0.15
29.34270405769348,0.15,-0.02,-0.04,0.15
29.347881078720093,0.14,-0.02,-0.05,0.15
29.359175205230713,0.14,-0.01,-0.05,0.14
29.359661102294922,0.14,-0.01,-0.05,0.14
29.359900951385498,0.14,-0.01,-0.04,0.14
29.36021089553833,0.14,-0.01,-0.04,0.14
29.364956855773926,0.14,-0.02,-0.05,0.15
29.3657488822937,0.14,-0.02,-0.05,0.15
29.365954875946045,0.14,-0.02,-0.05,0.15
29.366239070892334,0.14,-0.02,-0.04,0.14
29.366827964782715,0.14,-0.02,-0.04,0.14
29.371321201324463,0.14,-0.02,-0.04,0.14
29.37180805206299,0.15,-0.01,-0.05,0.15
29.372787952423096,0.14,0.0,-0.05,0.14
29.373337984085083,0.15,-0.01,-0.05,0.15
29.375164031982422,0.14,-0.02,-0.05,0.15
29.380231857299805,0.14,-0.01,-0.04,0.14
29.38111114501953,0.14,-0.02,-0.05,0.15
29.381956100463867,0.13,-0.01,-0.04,0.13
29.38259506225586,0.14,-0.01,-0.04,0.14
29.382957935333252,0.14,-0.01,-0.04,0.14
29.387753009796143,0.15,-0.02,-0.04,0.15
29.38862419128418,0.15,-0.02,-0.05,0.15
29.389495849609375,0.14,-0.01,-0.04,0.14
29.389976978302002,0.14,-0.01,-0.04,0.14
29.39016103744507,0.14,-0.01,-0.04,0.14
29.394955158233643,0.14,-0.02,-0.04,0.14
29.39574909210205,0.14,-0.02,-0.04,0.14
29.396038055419922,0.13,-0.02,-0.04,0.13
29.396764993667603,0.14,-0.02,-0.04,0.14
29.39711904525757,0.14,-0.02,-0.04,0.14
29.401959896087646,0.14,-0.01,-0.04,0.14
29.402571201324463,0.14,-0.02,-0.04,0.14
29.402961015701294,0.14,-0.02,-0.05,0.15
29.403702974319458,0.14,-0.01,-0.04,0.14
29.404293060302734,0.14,-0.01,-0.05,0.14
29.40933609008789,0.14,-0.02,-0.05,0.15
29.410012006759644,0.14,-0.01,-0.03,0.14
29.425307035446167,0.14,-0.02,-0.04,0.14
29.425941944122314,0.14,-0.01,-0.05,0.14
29.441773891448975,0.15,-0.02,-0.05,0.15
29.44758701324463,0.15,-0.01,-0.04,0.15
29.45899200439453,0.15,-0.02,-0.03,0.15
29.45988893508911,0.14,-0.01,-0.04,0.14
29.475175857543945,0.14,-0.02,-0.04,0.14
29.475841999053955,0.14,-0.01,-0.05,0.14
29.49127507209778,0.14,-0.01,-0.04,0.14
29.49189519882202,0.13,-0.01,-0.04,0.13
29.492510080337524,0.14,-0.02,-0.05,0.15
29.493245124816895,0.14,-0.02,-0.04,0.14
29.493818044662476,0.13,-0.01,-0.05,0.13
29.508949041366577,0.14,-0.02,-0.05,0.15
29.509727954864502,0.14,-0.01,-0.03,0.14
29.52502202987671,0.14,-0.01,-0.04,0.14
29.52560806274414,0.13,-0.01,-0.04,0.13
29.526103019714355,0.14,-0.02,-0.04,0.14
29.543272018432617,0.14,-0.02,-0.04,0.14
29.543627977371216,0.14,-0.01,-0.04,0.14
29.54412317276001,0.14,-0.02,-0.04,0.14
29.544533014297485,0.14,-0.01,-0.05,0.14
29.55822515487671,0.14,-0.01,-0.04,0.14
29.563459873199463,0.14,-0.01,-0.04,0.14
29.563870906829834,0.14,-0.02,-0.05,0.15
29.564599990844727,0.14,-0.01,-0.05,0.14
29.574501991271973,0.14,-0.01,-0.03,0.14
29.57498002052307,0.14,-0.01,-0.03,0.14
29.581672191619873,0.13,-0.02,-0.04,0.13
29.582391023635864,0.13,-0.02,-0.04,0.13
29.582775115966797,0.14,-0.02,-0.05,0.15
29.591208934783936,0.14,-0.01,-0.04,0.14
29.591796875,0.14,-0.01,-0.04,0.14
29.597886085510254,0.14,-0.02,-0.04,0.14
29.59844207763672,0.14,-0.02,-0.04,0.14
29.598798990249634,0.13,-0.01,-0.05,0.13
29.608377933502197,0.14,-0.01,-0.05,0.14
29.609068870544434,0.14,-0.02,-0.03,0.14
29.614017009735107,0.14,-0.01,-0.04,0.14
29.6246440410614,0.14,-0.02,-0.04,0.14
29.62531304359436,0.13,-0.01,-0.04,0.13
29.64176893234253,0.14,-0.01,-0.04,0.14
29.64287519454956,0.14,-0.02,-0.04,0.14
29.650474071502686,0.13,-0.01,-0.04,0.13
29.657896041870117,0.14,-0.01,-0.05,0.14
29.658586025238037,0.13,-0.01,-0.05,0.13
29.65909504890442,0.13,-0.01,-0.04,0.13
29.65952706336975,0.13,-0.02,-0.05,0.14
29.66475820541382,0.14,-0.02,-0.04,0.14
29.665514945983887,0.14,-0.01,-0.05,0.14
29.674546003341675,0.13,-0.02,-0.05,0.14
29.6752769947052,0.14,-0.02,-0.04,0.14
29.67598605155945,0.14,-0.01,-0.05,0.14
29.691164016723633,0.13,-0.01,-0.04,0.13
29.69191598892212,0.14,-0.02,-0.04,0.14
29.692482948303223,0.13,-0.01,-0.03,0.13
29.7085120677948,0.14,0.0,-0.04,0.14
29.709135055541992,0.14,-0.01,-0.05,0.14
29.724905014038086,0.14,-0.02,-0.05,0.15
29.725601196289062,0.14,-0.01,-0.05,0.14
29.741147994995117,0.14,-0.01,-0.04,0.14
29.741540908813477,0.14,-0.01,-0.04,0.14
29.741854190826416,0.13,-0.01,-0.05,0.13
29.746639013290405,0.14,-0.01,-0.05,0.14
29.758596897125244,0.13,-0.01,-0.04,0.13
29.75922918319702,0.14,-0.01,-0.04,0.14
29.775291919708252,0.13,-0.02,-0.05,0.14
29.7759051322937,0.14,-0.01,-0.05,0.14
29.791905879974365,0.13,-0.01,-0.05,0.13
29.794440031051636,0.13,-0.02,-0.04,0.13
29.795053958892822,0.13,-0.01,-0.05,0.13
29.81025791168213,0.13,-0.01,-0.04,0.13
29.813969135284424,0.14,-0.01,-0.04,0.14
29.82607889175415,0.13,-0.02,-0.04,0.13
29.826695919036865,0.13,-0.02,-0.03,0.13
29.82719087600708,0.14,-0.02,-0.04,0.14
29.827993869781494,0.14,-0.01,-0.04,0.14
29.828665018081665,0.14,-0.01,-0.05,0.14
29.84158205986023,0.13,-0.02,-0.04,0.13
29.842272996902466,0.13,-0.02,-0.05,0.14
29.842851161956787,0.13,-0.01,-0.04,0.13
29.843350887298584,0.14,-0.01,-0.03,0.14
29.84381103515625,0.14,-0.02,-0.04,0.14
29.858325958251953,0.13,-0.02,-0.04,0.13
29.8590030670166,0.13,-0.01,-0.05,0.13
29.85936403274536,0.13,-0.01,-0.05,0.13
29.859703063964844,0.14,-0.02,-0.04,0.14
29.87739896774292,0.13,-0.02,-0.04,0.13
29.887053966522217,0.13,-0.02,-0.04,0.13
29.887449026107788,0.13,-0.01,-0.05,0.13
29.88803505897522,0.13,-0.02,-0.04,0.13
29.891261100769043,0.14,-0.02,-0.05,0.15
29.89198899269104,0.13,-0.01,-0.04,0.13
29.898212909698486,0.13,-0.01,-0.04,0.13
29.898658990859985,0.14,-0.01,-0.04,0.14
29.908310890197754,0.13,-0.02,-0.05,0.14
29.90925407409668,0.13,-0.01,-0.05,0.13
29.909809112548828,0.13,-0.01,-0.05,0.13
29.918118953704834,0.13,-0.02,-0.05,0.14
29.924753189086914,0.13,-0.02,-0.04,0.13
29.92558717727661,0.12,-0.02,-0.04,0.12
29.926563024520874,0.13,-0.02,-0.05,0.14
29.92766284942627,0.13,-0.01,-0.05,0.13
29.93528985977173,0.13,-0.01,-0.04,0.13
29.936094999313354,0.14,-0.01,-0.05,0.14
29.937099933624268,0.13,-0.02,-0.05,0.14
29.938058853149414,0.13,-0.02,-0.04,0.13
29.939033031463623,0.13,-0.01,-0.04,0.13
29.947607040405273,0.13,-0.02,-0.04,0.13
29.948240995407104,0.13,-0.01,-0.04,0.13
29.961281061172485,0.14,-0.01,-0.04,0.14
29.962077140808105,0.14,-0.02,-0.04,0.14
29.962943077087402,0.13,-0.01,-0.05,0.13
29.975502014160156,0.13,-0.01,-0.05,0.13
29.975929975509644,0.13,-0.01,-0.04,0.13
29.976624965667725,0.13,-0.02,-0.05,0.14
29.977316856384277,0.13,-0.01,-0.05,0.13
29.992066860198975,0.13,-0.01,-0.05,0.13
30.000429153442383,0.13,-0.01,-0.04,0.13
30.00120496749878,0.14,-0.02,-0.04,0.14
30.001914978027344,0.13,-0.01,-0.04,0.13
30.009095191955566,0.13,-0.02,-0.04,0.13
30.00971508026123,0.13,-0.02,-0.04,0.13
30.017802000045776,0.14,-0.02,-0.05,0.15
30.01877212524414,0.13,-0.01,-0.04,0.13
30.025744915008545,0.13,-0.01,-0.04,0.13
30.026087045669556,0.13,-0.02,-0.04,0.13
30.0266330242157,0.13,-0.01,-0.05,0.13
30.03467607498169,0.13,-0.02,-0.05,0.14
30.03539800643921,0.13,-0.02,-0.05,0.14
30.035825967788696,0.13,-0.01,-0.03,0.13
30.043604850769043,0.13,-0.01,-0.03,0.13
30.043936014175415,0.13,-0.01,-0.05,0.13
30.051441192626953,0.14,-0.02,-0.04,0.14
30.052433013916016,0.13,-0.02,-0.05,0.14
30.053253173828125,0.13,-0.01,-0.05,0.13
30.059608936309814,0.13,-0.01,-0.05,0.13
30.060193061828613,0.13,-0.02,-0.03,0.13
30.06838297843933,0.13,-0.02,-0.05,0.14
30.069095134735107,0.12,-0.02,-0.05,0.13
30.069788932800293,0.13,-0.01,-0.04,0.13
30.074477195739746,0.13,-0.01,-0.04,0.13
30.07488703727722,0.13,-0.02,-0.05,0.14
30.0816650390625,0.13,-0.01,-0.04,0.13
30.082643032073975,0.13,-0.02,-0.04,0.13
30.083155155181885,0.13,-0.02,-0.04,0.13
30.083518028259277,0.13,-0.02,-0.05,0.14
30.09455704689026,0.13,0.0,-0.04,0.13
30.101224899291992,0.13,-0.01,-0.04,0.13
30.101806163787842,0.13,-0.01,-0.05,0.13
30.10252094268799,0.13,-0.02,-0.06,0.14
30.1105899810791,0.13,-0.01,-0.06,0.14
30.11751890182495,0.13,0.0,-0.03,0.13
30.124675035476685,0.12,-0.02,-0.04,0.12
30.125577926635742,0.12,-0.02,-0.04,0.12
30.12591791152954,0.13,-0.01,-0.04,0.13
30.14711618423462,0.13,-0.01,-0.06,0.14
30.147520065307617,0.14,-0.02,-0.04,0.14
30.15330410003662,0.13,-0.02,-0.04,0.13
30.158169984817505,0.13,-0.01,-0.04,0.13
30.158574104309082,0.13,-0.01,-0.05,0.13
30.15897512435913,0.13,-0.02,-0.05,0.14
30.159435033798218,0.13,-0.01,-0.05,0.13
30.178045988082886,0.13,-0.02,-0.05,0.14
30.17871403694153,0.13,-0.01,-0.04,0.13
